variable,Dim1,Dim2,Dim3,Dim4,Dim5,Dim6,Dim7,Dim8,Dim9
age,0.7812154532995719,3.404078234939862,23.35575014453655,70.72973637661,0.7450517478738553,0.12570313625320834,0.45557396360250246,0.15267373341772866,0.2502172094667444
absences.m,0.3758597471187703,50.23482987113878,0.016553878334583695,0.49273605387878966,46.87920350607448,0.5300436494342161,1.1105469750574313,0.35863795737274023,0.0015883615901829125
G1.m,16.47584191867466,1.0373122464282294,6.730263103232108,4.752503189679498,3.0096902367976828,43.973633767633295,18.185434906783872,2.268661172708502,3.566659458062138
G2.m,16.551041689484947,0.9526507186250529,13.012494976082131,4.438748340137803,0.5705161737541568,2.194778476567251,1.4469195229361882,43.33305547091612,17.499794631496318
G3.m,15.377704238641856,1.7249232184349448,15.052719842965972,3.4493046395110154,0.2685460464467281,22.16496457746272,7.190834835679842,30.611404518614567,4.15959808224236
absences.p,1.5817850981736608,42.59778440412848,0.13436265109755288,6.564625238840346,47.92727224092289,0.38780384280580665,0.7013617177410392,0.0029215732463613213,0.10208323304388318
G1.p,15.961970429312919,0.034217791369563474,12.392697301912182,4.735407598205135,0.4170493625155081,16.299638050604422,34.278742331489454,4.4414186908035145,11.438858443787318
G2.p,17.34414047455495,0.002981263467829238,13.986470120985928,1.3858198829841841,0.10349776138542384,1.4876516534692514,0.5858943755087274,15.626211902543687,49.477332565100006
G3.p,15.550440950738667,0.011222251467250189,15.318687980853,3.451118680153221,0.07917292422928696,12.835782845769833,36.04469137120095,3.2050149803767636,13.503868015211049
