,0,1,2,3,4,5,6,7,8,9
0,2.1581087332445943,-3.136639948054528,-1.362221616740498,-0.016015851794064378,-1.77921328517777,0.0015120871113095363,-2.822847948861407,-1.2910544536262787,0.0474894774736868,1.8106660061556794
1,1.0490599064733523,-3.3891296206273394,-0.23073808545351834,-0.7248030383161593,0.4785751108825035,-0.7152193149565403,-0.1290495844647376,2.357327818410999,0.11849761719964623,-2.1744135676073415
2,1.623335845718223,-1.7967955816959544,0.23511317844967125,0.5275907382282107,-2.0110000092652904,0.06027857916698472,-3.104799342204739,0.8411674205806918,0.43292400561808736,-0.1515495481191265
3,-3.803425322290739,-0.5613150146926976,-0.8842614716759172,1.1722969600686186,-0.5258638421211693,1.2868839278766417,2.4368815984600536,-0.981415428613311,-0.5618897592909102,-0.49445412467175454
4,-0.7590502464081793,-1.7731970859968693,-0.7727903691636233,-0.47900704592207877,-1.5318499587109078,-0.4765149161072522,1.0927107338204143,2.645594180624607,-0.7667170227999991,-1.1824063549363308
5,-2.168323495602946,1.3279193565160308,-1.459012786177093,-2.03816913902509,0.6247039689389712,-0.3081313583763203,-0.03104364893197323,-0.29223250834057996,-1.311117761138942,0.5661825698638322
6,-0.6601307120752097,-0.07664346645109821,1.4377273846327865,-1.8653800764264608,0.9217316616949619,1.0405841991976539,-2.346710847839812,1.2461026881871216,0.28057451511219006,-0.34661536527712866
7,-0.4018726078973397,-3.3033565572209684,-1.506978237493003,2.4790941852432398,-2.292958323918106,0.1644565402914227,-3.0008866075473413,-0.012902324715652542,0.3755237707438095,2.086894336464197
8,-4.604367908488657,0.11931613174684692,1.6651103821680058,0.5145035931484171,-1.115082719118314,1.2933070133286924,-1.9469779787969825,1.7848140357030207,-0.9912886643314773,1.3441817402371359
9,-2.4394112322308064,0.1572971651113742,-1.6111402387985296,-3.279365831097069,0.8758003849055859,-0.6206300294355521,0.4024673255214003,0.46613350915823576,-1.0478580396980106,0.8945237521189717
10,-2.4537813930808423,-0.05374578260134328,-1.6489810139432406,2.003996667041073,-1.200739552944144,0.9651888956369223,-1.1145290313252902,0.5526044485360171,-0.6622055952527494,-0.1470872787275484
11,-1.535117419934092,-2.65124719412874,0.13923319780280724,-0.8754724190042534,-0.17961558861164104,-3.334782833156363,1.794958941939163,0.088817469043446,0.5274019733062546,-0.7483450074382618
12,-1.6546745213518337,2.2675924450664096,-1.4114393326671624,-1.9174750672799454,-1.9256955254686907,-0.5435853324874156,1.9047277543644168,0.7446690244851688,0.5512855361462328,-0.5180438305450893
13,-0.8333368427789318,0.35814739974270327,-1.0149127699205602,-0.9432783314087456,0.6599619891733427,-0.6670568092721106,-0.9588799518771968,0.3420259592237546,-2.0529690791841966,0.1867117720051236
14,-2.1064947649748462,-0.5834114875120495,0.21349404494764895,0.5378889431247202,4.017310547555072,0.9301945262326914,1.9154015095387753,4.731206180520941,0.46484962950140885,4.271128280867821
15,-2.9116181867629667,1.9407690704770122,-0.020609762319154613,0.170064545147222,0.5271318594847397,1.4646458759508232,-1.846487276888947,1.8872876322132355,-0.11960986867839778,-0.29009874714501044
16,-3.193017000305454,0.23480894819178783,-0.7060060254605333,2.2325238054639946,-0.49854151226488713,0.2819006400811421,-0.7474077613788159,-0.8807745754077105,0.41001795790347734,0.2159559770118121
17,-1.0890612368920154,-3.1069988561470234,-1.1923698459702416,-0.7679380490603331,-0.2774759529311622,-3.22114037505649,-0.9717351763664624,-1.1972332411624471,0.12962539663087247,1.2307644770798425
18,6.078080944519866,1.8627515732649413,-3.460152885526044,-2.554966680866987,1.605301376004553,-0.23111408807168718,-0.9942010547491034,-0.37863516107910594,-0.8509928061236407,-0.49856571814063083
19,-0.38598833072933175,0.7072851776308254,0.1527642581872097,-0.7015790660491744,-2.99875896468863,0.6628683394399414,0.9993809349587401,0.19108691977716924,1.0080407969361165,0.24119696085610476
20,-2.831395183296186,-0.1272529566980315,1.3669797487043753,-1.7006010802505078,-0.3914349702806483,1.1738184002602365,-1.8322719848776232,0.2572924747847283,0.36911047181114937,1.6670771697194275
21,-1.9325053800671326,1.0301213255040844,-2.8148770164270474,-2.9940407407513705,-2.3037478506987124,-0.3152995122234401,2.1815146312610363,2.4038853652978256,-0.9299828389052479,-0.8825710784218915
22,-1.73135013279657,1.8421678638009449,0.7066369088649065,-3.6760142389505144,0.1779764877251719,0.3144907815832639,-0.05613305796999569,-1.1579696669358888,-0.7294718376951701,1.552741081026289
23,1.307753279391988,1.9224989497188756,-0.5065444991683195,-1.4791587335106164,1.1631548718728089,-2.2245749043417518,-0.5423721819434013,-0.29199476905080773,-0.7800249491842534,-0.6422846967842797
24,-1.2938764563073972,-2.8616757238363117,-4.152691505841241,-0.41102036942754894,-1.7799769184960537,-1.898329258810969,-0.26487822655272975,-1.2427399886259964,-0.6396325553190235,0.10341999803104421
25,1.5393107914969848,-1.3925254276579628,-0.08440447602873145,1.9081362237239907,-3.4756167749137687,1.7465947176977767,0.03898912910577655,1.39395060546195,-1.1952455782812694,0.38558805938931584
26,-0.4942629260230418,-1.040896599243898,-0.12141682850662798,-0.9518778438366591,-1.7407805519297905,0.7858425357447465,-0.48494196205609114,1.677834032413086,-2.354707152356488,0.3180364034372968
27,-0.15537643957701525,3.039346035205674,2.2412342553971305,1.493483648404195,-3.281442794139326,1.4244598348873816,-2.1067521424181077,0.5367888349956402,0.8012509070026275,-0.10324247900970841
28,-1.3364703840198235,-0.7120967293741863,-3.6918345035710844,-2.0290623010750113,-0.7894474093921157,-0.6058982322262066,-1.6135003683528963,-0.687536172614318,-0.6810855148365378,2.171762834237749
29,2.1776796890858146,6.528711858121051,-3.4484991610814992,1.8106716503270865,-0.323510700053938,-0.02974894036316338,1.1235899648260543,-1.8051111796014383,-1.4278941504752056,0.7082482734721447
30,0.7512383689145781,2.7242986344369924,-2.411239663757722,-0.847044772288064,-1.199186798898229,-1.0269265697717231,0.48384475580742353,1.5432277155259584,-2.885469549119222,-0.3351549447106166
31,-3.8656595218570473,0.35047852010481695,-0.08936446053477858,-2.0617768933776865,-0.8816547017465257,-0.8443039622712358,1.586757482108291,-0.8538899410103602,-0.959226766433894,1.4629936569178894
32,-2.8377967943741815,1.026137673324168,-1.0517804936064195,-2.134854632007919,1.2086545758739224,1.009473821251272,2.274867644475972,-2.2326487874753744,-0.4826088280411111,0.8324565597410746
33,-1.2975464068031923,-1.1008371333498008,0.9013777337209452,-2.5781384504627582,0.7731428756953639,0.0899074281393644,-1.609014679689479,-0.6673010418297353,0.7331130240458333,1.0171136278935222
34,-0.6756421405863552,0.05171675367590908,-0.5497563793248605,-2.5274767566657697,0.5604591730037736,0.23238168852481048,-0.7771088169911267,2.3591028083614507,-1.9802596390724612,-0.1400864306152808
35,0.675794440459549,-2.032925542538736,-0.6641886607147257,-2.309941026575321,-1.4708410480127099,-1.5082636973117394,2.12626146648493,0.5241836094036152,1.460927909443403,0.20865744246987458
36,-3.605694840044888,1.4661778282743325,-1.2212606934918346,-2.153685855921676,1.3158782978761565,-0.1325534287017424,-0.11929918649377494,-0.5109310959675508,-0.6736575440168735,0.6446182325737401
37,-2.217460418199912,0.7251913134746744,-0.5182682033956673,0.9074185681547813,-0.23736863200635328,0.6604632610412579,2.479661112586827,-2.4088644592993353,0.4069103945786407,1.9516523947184747
38,-2.3315951345308497,-2.1015345080601437,-3.844929501863994,-0.47618815493581723,-1.8088502582966903,-1.7916044676311602,-0.17338358351422245,-1.171003069891698,-0.7218385918985682,0.3438792279026854
39,-1.992293512056988,-2.855825452157646,-0.36933908423715756,0.03778782358110693,-1.7505304827931667,-1.6310152713347155,-2.180870467993608,-1.1054368767276908,0.5793437811680591,1.5995830403024351
40,1.3271940416673498,-1.0998427769770822,-0.043324996248796925,2.011926303329169,0.5061290936111322,1.0216654689745224,0.1533400448553218,-1.1111345074570909,1.2007046580447749,0.7458730202888155
41,1.808456126761543,2.615703925488671,-1.6235712601848218,0.05106937497880016,2.342077406449153,0.7999022759045735,2.4497434544805663,3.7898792109285075,-1.3782145126754786,4.811038686060955
42,-4.082302525870425,1.6296973486922806,-1.0015562411804606,-2.9035135810231414,-1.4757995606788126,-0.24142693583797561,2.2929515803778826,0.585528951174999,0.5351837384467972,0.6121453484658608
43,-0.017129341496182553,-2.668088636711206,-1.9400371621879324,-2.5331168689512307,-2.4087591244979754,-1.0952574258172747,-1.3215838730101925,2.2775247351082677,2.540087257545697,0.3520192054633969
44,1.8536380128518752,-1.3468536467554677,-0.776820925104401,-1.3057238625926155,-1.8996200915282944,-1.301495654700816,-0.32405324248629463,-0.22925934559955227,2.914180318925501,0.5182485051076384
45,-0.5601997478020915,-2.7307727175287746,-4.221726341948731,0.02091007353605569,-1.005211981537526,0.3728304728055465,-0.18470068170624387,-1.959786011878788,-0.7753445287726476,1.6754348961226888
46,-0.04833632845068237,1.5535182127844418,0.15131854009902282,2.680978354111234,-1.193798738420486,1.7498822937309457,-2.1650400879133014,1.2394352914379672,0.082395616388056,-0.08447120482613547
47,-6.145423925496531,0.7716765134730421,2.001122839594606,-0.34031774505122425,0.31579896831652554,0.4063765684228906,-0.2611237079964002,-0.9110324153658736,0.9234835505200983,0.3069114369706153
48,-1.1628355823686427,1.1094648334498518,-0.5536879273421218,-0.6781294744000443,-1.2018615655218856,0.1567373649717739,-0.43362809890344683,1.0205928624687186,-3.024126912690743,0.3489679965789092
49,-0.5256180640793089,-0.8601346860839739,-4.0131517520986595,-1.0630018777362193,-1.3522073641917371,-0.9933842113765023,-0.3299453604667092,0.6229942888059262,3.53260563730444,0.30710803527374797
50,-0.20743409387197217,0.7184577358027201,1.25037894511738,0.754245094901867,-0.7824450271620706,-1.8628793761344553,0.05853438290013267,0.5503440435709505,-2.1541492487173985,-0.734326799034307
51,-2.8703911873073937,0.1852739816257125,-0.5600958683397174,-0.21929602100725049,-0.50306311478324,0.9255041862644318,-0.11828370118175371,1.4364099077887826,-2.085246847249763,-1.1538966125824002
52,3.2680945031372985,3.9115105388543516,-0.6822447723224375,-2.244542463026338,-1.779350577573217,-0.9200103794621882,0.19268374957049383,1.9614059282178073,0.6119920335649056,-1.5313776402497086
53,0.2733448792330105,0.6510658984197674,-2.987531044844263,0.4750562978821961,-3.031830439305129,-0.3238713227346734,-1.7056304584160487,0.8676051005035608,-0.8224300868753912,-0.06173297729445956
54,0.8948856110505906,3.581460698119894,1.5100020070709874,1.0554059920750058,-1.0143366195497536,0.47474467903885575,-3.454248263581754,1.3067146569331147,-0.06516308702475358,0.12125175861138485
55,-0.48259832970335104,-1.0251831773459157,0.39660042325063316,0.15649249078934316,2.1572416418577047,1.6466565928191177,-1.3888707207924593,-1.3004484688188245,1.4490427499945793,-0.5600184219332683
56,-4.247785005600549,-0.017363647690687913,-0.2803449300492086,0.557361633591426,-0.030648066043364647,0.36938513070741963,-1.2965577021760326,-0.2859078531576368,0.7722779032472593,1.1532623360203025
57,-3.945143302189996,0.0805039854133015,-1.1246268823762695,-0.5397631397600502,-2.074670746112616,0.5942418365436709,1.0152880132720443,-1.1786082150304191,-1.3877913056440099,1.467545509256873
58,-1.483085135491157,-2.470017333008526,-2.0180478845467067,-1.899970479457202,-1.8086782388296947,-1.1191466329423752,0.3512126634436763,1.0178312463385493,2.4958544193414314,0.21128760308274044
59,-3.2539474283924577,-0.2061707660782045,-0.14323032364304653,-0.8940526705298902,-0.67656906582926,0.6645294543416732,-0.15108212671181623,0.8017921592387729,-3.0739081544657694,-0.11521015668473865
60,-1.5646393643718337,2.4742733588022663,-0.5299632295887966,1.3473126698560243,-1.1337315477936356,0.054161909934702476,0.5449950464143518,-1.2621097217075223,-0.02673593749049961,0.06362483928718801
61,4.886736457455729,3.406419711982729,-1.2736723505482777,0.18874228312810712,-0.36230993721411625,-5.551717256770202,1.6698956236989315,-0.06510506387103229,2.2391612214924224,-1.4293000611913238
62,-0.7946371196044785,-2.0184738609748,-0.3065152170678057,-1.1656266521719179,-0.5638132856984354,-1.3329407408337344,-2.2320466860240975,0.47230512876429115,5.4539710585052426,-0.20176469425733326
63,-0.8728931846437169,1.4289144821997481,-4.057809858465571,1.8856143511564416,-1.0880756094991695,-1.3325503903138092,-1.613911565904196,-0.5285007352684453,0.43798942639825617,-0.05802484795377058
64,0.03365415406399453,1.6317688974267015,-1.6027069894888497,0.16196485076857334,-0.9450045693526947,-0.7038634244467136,-0.5682541473160726,-0.6429383524113103,5.027592740263327,-0.7717521753557949
65,-2.868481250535614,1.4532512558862176,1.0505800948934663,-0.369757619928925,1.5916203919221177,-1.665789155749366,-0.7101609282329201,-1.5093819538992468,0.2457983725328038,1.1255745162638402
66,0.44389166842514577,4.147755417228315,-0.3625678804469903,4.826768116943258,-1.9200059026884426,-0.012201415005375584,1.2480849312863989,-1.0646249284487783,1.2188623816733513,0.6311768437089572
67,0.08400275835178564,-3.1288910834821584,-3.2910515130750664,0.6945858378548032,-0.6791918693892488,-1.1265543785373529,-1.746160502135386,0.7523801069415811,-1.5379350605117306,-1.3690528037432197
68,0.1714151968357859,-2.360996963814841,-1.244940051743817,1.8248147208674785,-2.977553273473315,-2.0097224240815565,-1.2379216271928708,-0.09826879392405469,-1.0488826190290692,-0.59077230962591
69,-2.250396418641074,0.6621617445231353,1.8695779258216136,1.1543775227574498,-0.14187248892734397,-2.6820560766387658,0.9376281442807863,2.2764984707873,0.5403493158426718,-1.2560110854073863
70,-2.1946949511848066,-1.5965106448094148,0.19795501819786002,-0.42899169213479066,-0.4918785154941468,-1.9402772135471833,1.8466950823984412,2.2929211322917027,-0.548326736456781,-1.5015503504483028
71,-0.866241501211694,-1.7521066533633847,0.5318018234789442,-0.40717014921441774,-0.1415308966700083,0.7483684325900167,-1.4772754884215056,0.2011445885415216,-0.24808385142423944,-0.4034336300097605
72,2.8809527156680548,-1.5389714376279138,-1.5957680534186465,2.022661732008717,-1.0380539224947245,-0.4458265269813514,-0.7321229589413839,0.5415142940883074,0.3691572376263931,-1.432307897368991
73,-0.6351668642675954,0.12301009458444738,1.341502241844384,-3.2982606627124964,-0.01829626633047683,-0.4297202764450243,-0.6525607256995501,-0.524961963409042,-0.712077102921259,0.523151036089797
74,0.6416018118073118,1.014714382699083,-3.166189561256447,1.4411297958151235,-1.8968508824171209,-0.8444671533072753,-1.789205185472998,-0.474218022684422,0.21234036311003812,0.9119730720946021
75,-0.020639246529263626,1.3882061962397405,-2.3340967095878855,-0.39574190043732255,-0.4992685422975269,-0.3540628521333648,-0.16391979246540772,-0.7189134344666841,-1.7008005703437707,0.7223729656147271
76,-1.2798449789736783,-0.8175422378276377,1.1172721188383208,-0.14288265391424096,1.3481696479250405,-0.6231904263809614,-1.8174911881768392,-2.0586568549869804,1.3799668166768362,0.801499954643167
77,-1.7338007198568213,-1.3203801885971536,1.0454961852777522,1.4347900235561086,1.4949663677320142,0.8191474164893857,-0.4005626666941047,0.06673509858314665,-0.581268986996088,-2.2466459243815153
78,4.785345443193278,-3.5253886038265954,-1.2656729120468493,-3.518154826153192,-0.09613110709357243,1.7556583772419923,-1.0330405958905704,0.4557221185777541,2.084232842108933,2.07834400965779
79,4.486800493707919,-1.9818223210996095,-1.8965517565975871,-2.3813355286714133,0.4282665073037174,1.6763102094742697,-1.6166907150930805,0.9642277660603726,0.6478354121195462,0.6087635906133767
80,0.9440206325395405,-1.395697274531908,-1.040713145679095,1.842302974236393,-0.7163174694844197,1.4722361844949272,-1.4537329298264483,0.27919515290488606,-0.4792135788624366,-0.0773954198739956
81,-0.2561097028642104,-1.1361027010029139,-1.483954060850258,0.2350981479505747,-3.296849742203947,-0.6460545807850482,1.2880967134926045,0.16448004918561301,3.16530684426835,0.46650516421622096
82,0.06645186774523795,-2.1896839119633205,-1.3863947854817953,-2.028697010443081,-1.2872340690311772,-0.930589794178788,-1.979030936569463,1.2497514807827756,-0.7199258521543646,0.3147505989226816
83,0.08063811614633548,-0.9171570362594574,-2.1569011256935577,-0.11488402267544089,0.6343093807451805,0.4779737981010571,-1.3303999075202628,1.030766459413361,-1.4670394122315382,-1.3309984923240337
84,-1.0468432078651095,1.4946903273076295,0.8305334004319944,-2.26812264841191,0.09811162246506318,-1.3990129417294501,-0.6532013032248133,-1.2268325427769207,-0.845899004438357,0.4874087064487398
85,0.012041711197764744,-0.7087003480416643,-0.07269338278308267,-0.7018416567573971,-0.7681676243035376,-1.587203980823747,0.8571357523946889,1.9392091750141591,1.2823136439449576,-0.9070022688861635
86,1.6265314987491248,1.2712191055852113,-0.9987049823265841,0.131675218368061,-0.48380631136093183,0.13804512979470782,2.1046960025941006,0.7021749259144467,1.509171992541424,-1.916096126856269
87,0.4834107107021411,-1.8903250338156032,0.38254725858202876,0.955828610009591,0.3814888703354623,0.42812849146859533,-2.3797121049283128,0.499087500751517,-1.0927722064239525,-1.2800462416874931
88,-3.2369882450466543,0.3263701793752841,-0.04983873774986299,0.688335817570488,1.7531077152293628,-0.6174305006034774,-1.9973755273273615,-0.08006341830148711,0.7264080483275469,-0.4502555761779925
89,0.03518206244664288,-0.8806077348169289,0.7511816619130501,-1.9808223990289624,0.008755210889331885,-1.4650514496660467,0.5354679205343715,0.3794062172425766,2.542626315381108,0.22560627151320828
90,1.792859434693098,1.6297272528720317,-2.0527464110360167,2.1434714954536513,-3.6475420604638256,0.6992272264718467,-0.32885200354290867,-0.15195518772117964,-3.246426743984764,0.7628640002645447
91,0.29739459801548973,-1.3039057531952687,-1.5794775069955402,1.794724862269423,0.622390498570266,1.1324894951567255,0.35131049110622176,0.5554861854966955,-1.2326897819347715,-1.5520425633075083
92,-1.7586726010594451,3.370761680993119,0.5499797314722874,-0.9821580876752186,1.539382420837295,0.16123866223012162,-3.384515855173628,-0.3597918540609564,2.155954952829988,-0.050897114019425524
93,0.7377041057093554,-1.7310806850371498,-0.8192548381229857,1.5851592297630304,-2.760889912133291,-1.1370882602898442,-1.9079180938054885,2.468371776703687,2.2794745529630305,-0.5393394685826656
94,-2.2094009711337903,-0.4939786525936208,-0.5001175515012789,0.39913025085522486,1.3937757827180386,-0.7715692881252116,-1.188668113739612,-0.9868763580283889,0.12093648903930097,0.6841860849855141
95,-2.355696330506427,-0.43921123994430233,-1.9091614944590802,-0.20861691841260005,0.7360336540764431,-0.6520035316130522,-0.4551267072905566,-0.49110437860060147,-0.15882751472974882,-1.2455988561032911
96,-1.5535143508332143,-4.8718460262286545,-0.4562346448000636,3.3760932532174333,-1.320452173430706,-2.859985994443385,-1.9998599891194182,-1.8627701974674897,0.34638369702774585,0.8857955739805464
97,-0.012675859762139023,-0.8151189415460186,-1.8916260275111298,-1.0805563643523257,-2.108088586772284,-2.292415488604036,-1.0861157340179037,-1.7078160287319857,0.2766799693164024,2.643479838748615
98,0.1293754932062491,-1.696968677105011,-0.6352555349573887,0.4986831448133789,1.323972223079832,1.0627676068656626,-0.03145317494541616,0.5180424109682338,-1.6864085142512621,-2.4866442603055803
99,-1.3080214256740166,0.7819231935470407,0.8344402546010677,-1.1791193172600603,1.2658749931394275,0.3242232807691657,-2.805103910127798,-0.48153966106792917,1.7877005952190284,0.686797540094837
100,-1.1982754770759936,-2.0594253034382084,-3.191362828703528,0.8766427784736722,0.7274692506503389,-0.2542230677923312,-2.9682080826600736,0.7382858675840414,0.013524026221712213,-1.3099016080922687
101,4.790309257943701,5.000648905624218,-4.704394046032714,0.9603272390146247,-1.7733371240989637,-1.788736324372369,-2.3591442856351814,-0.522698896854371,0.9960010858832034,0.2500644049982272
102,-4.2098998875580556,1.8498916920787345,-1.099131185078797,-1.3109250565201576,0.16845045123690283,0.7438821291779476,3.530655183360204,-0.07220008948334938,1.948688968834695,-0.37564609593505816
103,-1.180059318049508,0.42613323489416294,-2.150351279540021,-3.2293423617832313,0.06594213210662014,-0.3368513345192897,-0.005781870805314286,-0.6501869395005722,-1.8689336798643128,1.143966551181952
104,1.1717966546637333,-1.9550961546776562,-2.8609777622134724,2.074230478564063,-0.64763760454714,-0.5234519999971985,-3.9709310353048486,0.5903697562092903,0.6204388149886731,0.19931834732718826
105,-4.214654662169649,1.8703340916872833,-0.36166029886012263,-1.0751852713415766,1.783934328117496,0.023809659916292192,-2.166140486591793,0.15739719123936208,0.3360953639646647,0.6875510851857305
106,-1.241512687804155,-2.898152502803055,-2.152889234686114,-0.09275044403138803,-2.5601123206994383,-0.7054500231528433,-1.1466106157812541,1.573194457074042,2.0901774154420574,-0.5410366802455084
107,-1.166217911401634,-4.8378633528184904,-2.3631741839896705,1.3147976601428275,-1.2952805404862444,-0.9548746635284557,-2.2654286470508938,0.7619354334218399,-1.2478545460012147,-0.5181013095239829
108,-3.405616939868353,0.5832236229225493,-0.9214183863781569,-2.5665265345901194,0.27466479532895266,-1.0104644310366266,1.5740998271499138,1.3338669623850818,0.32785286213671067,-0.6130202146183173
109,-2.500002152727842,0.5604027358543335,0.08840323473019439,-1.9675186375946414,0.027956784953231395,0.1851910193877461,0.8728487845189038,-0.10554827794517259,0.5115730492829241,0.03237450644571601
110,1.6137717491754753,2.9373653382488687,1.0239816259794114,5.8905705455710775,-1.2636080246817567,-3.5394179154395458,2.073174304731424,-1.6308897359634777,3.075506504654295,-0.2722249640834196
111,-3.4995399236271942,2.0885722449424913,-2.6100905879438603,0.4523644193605321,2.164080511059805,0.945650559280222,1.1381188194198726,-0.8121368124103059,0.098027168701927,-2.212834845621754
112,-2.9652462669418562,3.1506181058203615,-0.10608197722472783,-4.472952538910497,0.25995952763722624,1.536397937564681,-0.9290750199361493,-1.2280937411584345,0.005412117012510066,3.106291898157411
113,-1.534199352156356,-3.82759106960486,-2.079075068019481,0.889560322571146,-2.3085200530982433,-1.941268654221948,-0.34581694001819085,-0.21414279918128715,2.5349136391120366,0.34805238637515706
114,0.41242640834683236,-3.5985010445144257,-0.3656615037221189,-0.7257457063789078,-2.882330715500493,0.3304324884841592,-1.7055071673738256,-1.1198468988970036,0.42625714908560236,1.8341367084415856
115,-3.6418372055757735,2.4302657689951337,2.4500430581596127,-2.449742935156524,-0.5239206260087945,2.2274319715051094,-1.6082807034849138,0.6505520525273402,-0.13220112427325217,1.9979606266418979
116,0.41218640690610364,-1.1991132349507527,-0.6451361852052433,-2.6007599680520324,1.1842792946657277,0.5089291312789962,1.357688667744289,-2.1808826945623387,0.5604096067961675,-0.65219265546056
117,-2.7251978118665234,2.6639296413371056,-1.98251137254145,-2.9517131757825936,0.19803045673813885,-0.298399974927152,1.7162578803752677,0.3027597777219214,0.34553078113202007,0.2735196291503661
118,0.5585629670162433,1.4157410963193346,-2.030686175165882,-2.346350835244252,-1.5316421037207353,2.7934525500196066,2.0471223577943602,-0.33051974992906463,-0.5015855506560961,1.332877593815633
119,-2.9720424728302266,0.40906796036633974,-0.18093612454180347,-1.1083346679344173,-0.29408694265388396,-1.4205107077543546,0.966452925014375,0.2667353866122262,2.5084136474809617,0.7952431708192658
120,-1.4324423886679114,0.40009414478646416,0.908210724317719,-4.319342215926554,-0.1839688042391573,-1.0009149832831215,1.6136761042634546,0.6071661894592155,1.7363014081209618,0.604800073810165
121,2.840766358000389,-0.38918844585809487,0.09843470995795417,-0.39089102144717125,-0.04191393701877064,-2.954425900575837,1.6120022481497465,-0.43939547894010006,-0.1119121413183218,-0.6636420254759091
122,-1.241899372535954,1.0873564457034797,1.0896368808368089,-2.179865489159422,-1.6791791858579637,0.6267493396340619,0.024801480032404462,2.105795432091835,1.8936302327806165,-0.08871371567465465
123,-2.1130012207496476,-0.9259692047024266,3.6756304542673255,0.4376276815776362,-1.0899808400355553,0.7872101188421778,-2.108319348923002,0.6777212754530599,0.39937993396969923,-0.4330934101525063
124,-2.398478038824561,1.545342607182141,-1.9455153178184343,-1.929935675802433,1.7980753242076533,-1.877579172469164,1.1837713026545156,1.5287986875912691,0.9654644082527836,-2.299428432199666
125,-1.9808872916491305,-0.6997064123076764,-0.7817300415278408,0.2303087749401992,-1.5072642957771467,-0.6013119975370009,3.911448961893835,-0.22540994860709282,0.5489671109837143,-0.9087860631103326
126,-0.2275101630118224,3.0383394641070254,-1.474475930134253,-0.8267919656748226,-0.4603904441698953,0.5997283450903594,-0.2983792961546884,-0.523154339941896,-0.4978113736398491,0.21895972700081162
127,0.5460571941885458,-1.3188851567078868,-0.5266482467759697,-1.2699990126638583,2.0620143166112483,1.5000348172027942,-0.34785596731582297,0.5418470310795418,-0.6226742970784743,-1.8435327095778369
128,1.96975208968531,2.4503209365074423,-2.545883400588383,-3.7004201075280245,-1.9286799150611795,-1.3729728112022155,-1.3195988486170258,2.349699526876859,2.1866869589339832,-0.5620881153402111
129,-1.015169646009216,-2.392003760406389,-1.357197377305313,-0.4695610396421239,-0.21905845717147773,1.055208059608658,-2.407130206413187,-1.4954905855796283,2.9777683182597894,2.1289667000990526
130,5.246879274839543,-4.69120022684006,1.2192637480965385,-0.7030803438580192,3.0456691513949568,2.738898019209707,2.3890017456086756,4.941398433610152,-1.0793667848658193,3.039022926817328
131,-0.5667332684513194,6.328185214369545,0.46353405263790526,-1.132070688688743,-0.43568748975536264,0.15705615249898716,-0.9818261666150432,-1.7538733415627772,-0.042624443684981424,1.4413233777710728
132,1.1080470890727991,-2.2245562115472555,-1.6254177729738966,0.9365051026511775,-1.8987196271763698,-0.25140973036988473,4.30762121711679,-0.18322734082683306,-0.5468499629653377,-0.8672235747659188
133,2.3601480079642165,-2.922714364980784,0.1834847381097846,0.45875365003727975,1.2373912369496582,-1.0997403297395965,1.106167204270409,-2.053043500799568,-0.2916730337874739,-0.49931933797791306
134,0.6903844426737438,0.754201232030164,0.019702607650622515,-0.004187609584467048,-0.5436616523598562,1.3643473682244,1.5936741809293613,1.8669865701768602,0.9855066406073072,-1.8357839866121963
135,-0.8384800046174341,0.36184150209950383,1.248532218173221,-0.631776089483389,-3.9187569512608187,1.7390309939930912,0.8269285868687078,1.576670549851346,-0.1433070860467936,1.028474263952339
136,1.9159120393210258,-2.9883961814684086,-0.2830023887856002,-0.1737264046987692,0.13406692128021927,-1.810308348875373,2.824588068841513,-2.6375860346507736,-2.7600708081483214,0.16576866423207853
137,-1.4269936576592326,-1.8752638868058251,-2.9453066322270494,0.5188242187937697,1.5070695158214964,1.6843781766029793,1.8226225114094634,-2.208261611927078,-0.2604427148031875,-0.910072424913002
138,4.426333989834689,0.18462224666232158,0.7628385113765807,-0.915118051812498,0.9426481526751435,-2.6118995507749676,-0.6421495388508887,-1.5214928898852491,-2.456359908142752,-1.2440840726186428
139,3.4689524413371857,-3.766603131640115,-2.009268927126158,0.6468998571495367,3.1180993385728004,0.3738086292565879,3.383961109596323,1.814694547598295,0.24014655442501215,5.314485998572346
140,2.2423775154942214,0.10822050120760553,1.4818915026644461,-2.3698589976965754,0.6310560510644107,1.548064747780475,-0.20350691684626387,0.2527692446518253,-0.9416330773886513,-1.4370990188818569
141,-2.559204145295651,0.7506784390456088,0.5221816053974634,-3.069804939660645,-1.3385481650975675,0.5119876032904167,0.7071091330786533,-2.009902684814601,-0.8508830739952347,2.775128358433483
142,-0.5975079509707851,-3.4216563118124825,-2.2842255733889627,1.6998428918067232,-3.77998809095385,-1.2536719498910962,0.561233135591419,0.3154088682796836,1.5518435527722036,0.7555599560864359
143,1.2904431098826723,0.2706067389111006,0.43599010792833093,0.6746201205117046,-2.1529636800042087,-0.774374732236313,0.647763350713214,0.30492353812707046,3.3153635708510407,0.46962936450733944
144,-2.9137922093575437,-1.078780503836416,-2.1011708728646026,-0.12517867974026015,-0.5371651103743764,0.07159015277039732,0.9141144025479482,-1.3798466517804637,-1.9335982332357846,0.4919252193304878
145,1.4219343951892143,1.441258302776563,2.915090853463996,0.5619798200207848,-0.669959727074035,0.9938303748689471,-3.151829207799588,0.5162854731658162,1.0526583623811683,-0.6017710331546023
146,5.6250596358393254,-3.2108685122525795,-2.029987761140212,-2.6617777599383667,1.099463888400938,1.4579449914483296,-1.3568796621553394,1.1871297268932208,0.4578776944685132,0.2176888495566576
147,5.326514686353969,-1.6673022295255935,-2.6608666056909485,-1.5249584624565873,1.6238615027982277,1.3785968236806054,-1.9405297813578493,1.6956353743758392,-0.9785197355208738,-1.251891569487757
148,-0.4837403161784466,-1.519743304150453,-0.5179398157537328,-1.4289452817106603,-0.9364281515619564,-0.8389451717147863,1.1704044386917638,2.877650517193753,-0.07198369563545308,-2.1611276567271047
149,0.9052559053341035,-2.8025767765311254,-1.3044541530999028,0.12358937474762458,-1.7786748511554145,1.0897530969892733,1.0348945339142193,2.7052350033779313,1.6406954122241255,-1.068871773059737
150,-0.9896363037223724,-2.354944288055861,0.04051094539726952,-0.5379423189496578,-0.3218858065636418,0.0014949398770975459,-0.28727093234751383,1.4257713042601168,-2.596653161782907,-0.8816119892111661
151,0.2632042793317943,0.18035498208718673,-2.4571253626130645,-1.3885684077069003,-0.37928625640354324,2.873021637704271,2.190610288574229,-0.5216251603228436,-0.34190651033824776,0.49143099745356916
152,3.5469650582145618,-1.0678335629305855,-2.505300165237497,-0.7832060671685577,-2.1089588168624185,5.9648741626510295,2.5214747659933217,-1.1549046879738296,-1.1890228421263647,1.5507889621188353
153,4.768098017240522,2.3490147030366284,1.8264830461512445,-1.6081348096175072,0.22837999234170325,-1.8357105918199614,-1.391486790737989,0.26013295300904193,-0.9014658874629395,-0.09445859432029459
154,8.793303293949604,-0.19166650402565336,1.4171271497231335,0.01872676858953865,-0.5582879787726602,5.458573990852677,-0.2285036637362016,0.11985419607085261,0.9912569681268321,-1.6044999400516822
155,3.8111833770285104,2.8152712992810494,1.3125295138862514,-1.3658618779171443,0.09938581210701329,0.44873441531387176,-0.18686217009949246,-1.550153505810023,-0.2842380924088564,-0.5537594279828215
156,-0.02938349114219814,-1.073104421621713,-0.766263875617441,3.4376702355624307,2.1174215806300247,-1.8232249118569896,4.02897266157871,0.6672599491231004,-0.3048440956828542,4.542392737825383
157,5.169369585485023,-1.9850486150420659,-2.1279576620566845,-1.171560708053148,2.3453601176167944,6.073159065496951,0.8999180917909978,0.33063577580073583,0.8229214911531161,-1.3991228813358663
158,-1.734637303081299,-2.789264793924022,-1.4296275197328077,-0.31510984751311977,-2.989898689539964,1.6242552353644406,0.6200407004832159,-0.2861712067410892,-0.6711548899797898,1.7878075890311145
159,1.3039976827298212,-2.088592655099011,-1.3840961796851783,-1.2133476659434805,-0.5310499442164851,-2.143134971406792,-3.4372508619245994,-2.7043455299865298,1.631720988816444,0.7735366095252664
160,3.315555753778274,0.33922488020703484,3.3498120425854094,-0.3436548719058724,-3.6249905290430298,0.7686207854616915,-0.6144777037128567,0.36717427575209516,-1.5422881111239737,1.4424608350561632
161,5.247455475640617,-1.0622073607848719,1.9608042035390896,0.010842945505532267,1.2239669541158564,-2.7165751580427346,-0.6504375000339511,-1.0889967725264018,-1.901486405497431,-0.8228056391887986
162,0.46046601645499485,-1.546215909233174,4.683459430159934,-1.510088340849839,-1.7798652225103022,-1.7648648813386563,-0.4050881329478732,-0.8080193854757005,-1.9431864780075958,1.1700361930809966
163,4.185120884372797,3.7457234843157146,-2.122369410256338,0.029908906427158103,-0.4903043342000873,-0.4418671768627121,1.9213534964370065,2.1756602287400297,0.708460655779517,-2.6394663463768713
164,6.530359043540692,-2.2679546993298914,1.0186890957818149,-1.6149540937193363,-0.4565005421565128,3.1035032138505034,2.124589266925284,-3.478658759607219,-0.2583246654468981,0.9100173269930794
165,7.502414207035899,-1.0705055435624464,2.1607857066880984,-1.5999618370229431,1.6885132486114407,0.07536108169070345,1.8692774041603144,-3.4202220783253856,0.1143575529101388,-1.6511308114203367
166,3.703607466250472,0.9136659224665945,0.9212807429271183,-1.9711883355225057,-0.7784109618125432,2.3048315445614715,-0.10356288501866823,1.929184126627122,1.2480771915316156,-2.333866746618174
167,-4.113484934186757,0.3258545454405669,1.6465097965321722,0.3041772447858562,-0.7526167303309286,1.855876606660338,1.822810818385185,1.6331692915041736,1.5705994492716053,-1.64809131185779
168,0.13052064125663898,-2.6358550984003126,-0.9911964625911023,0.827886680656945,0.8309289713099076,0.2242753194402065,-1.6115120333670205,1.634244839601993,-1.9855901915597458,-1.7856754729069961
169,-4.28982824232492,0.4465180786666192,-1.249437118896305,1.0004897389385914,0.20618023931742308,1.7927334842162674,1.3060066363744036,0.8605202045892008,-0.38479569683792875,-1.1487078963567405
170,4.880590409340481,0.9423279139480669,-0.6087059226616116,0.3884760822864469,-0.22589677154303361,-2.464809598228598,0.15063267503247452,0.38696752542118684,2.8609818825134985,-0.07917386382388232
171,-3.0844915248549825,-0.9372518626870299,1.7147906501244443,0.2615350507873598,1.5910054502752202,-0.355456017980181,0.894491919716803,-0.672868542653605,0.3639147952478871,-0.2346268205874733
172,-0.2564733666900886,2.0049361968962542,-2.2297047149224425,-0.914996154909143,0.7704660494695801,-0.260761838348106,-0.34208195795135365,-1.0298254781383311,-1.1169513389830479,0.22165168985176603
173,1.156489397745952,-1.7861096718559721,0.1833830393329512,0.12476032319568524,2.4584770906273614,1.6645296762664876,-0.2911440474364612,-1.326881747658604,2.0392098750367222,-1.3945154790267253
174,-1.3507865054740253,0.2814818820309382,-0.858100194734035,0.16452918654166368,2.152560939145525,-1.1730088700344794,-1.089845257847744,-0.4835910749715559,0.131197995648615,-0.7045174302409412
175,2.313841857929379,4.036200856971981,0.028353970812489256,-0.1788405250157487,0.09880861420979449,-1.4821870938832233,-0.9127339423946528,-1.7627458798171571,-0.7968825684337488,0.7260182089195488
176,-0.014899797545634792,1.429061480950178,1.1617037810638118,-0.5600008507502643,0.6191278299086236,-1.463155062716836,-0.7288017080138013,-0.6500025654752255,0.10154306576861001,-0.7097116909682442
177,1.8858229712763943,0.25069854933403996,-0.3360438018303209,-1.2275854321825228,0.04280127463166793,-0.8214991274298162,-0.04363838108839408,0.3422102201831354,2.3161953167478755,-1.0244255563120466
178,2.31043754606391,2.6148833844038712,-1.1336000083755187,1.0427626268027512,-0.8393842387070602,0.6521046618498979,0.9399543787584607,-2.504068463506983,-0.05968632073334429,0.662452064017572
179,-0.9865791304461825,-1.00432186204645,-1.3264143370971186,-0.13356075312657495,1.319235300992539,1.0405841222401169,0.19197813377560916,-1.90384863395316,-0.23990049576482478,0.5941423094304966
180,0.6178475597589406,1.7528815888419675,-2.392814637422708,0.712293189963684,-0.2824146507617216,-0.18284429057936002,-0.9673649807828971,-1.1960761969455806,-0.731622057541267,1.4315619239832973
181,-2.2367572868883006,0.1006128205648832,-0.5654273550701481,-0.9384703543684424,0.4322549411660694,0.24934706699320658,0.7681029403057484,-0.158944506563665,0.3056494344050468,-0.33144971429081815
182,-1.3311424997477908,0.07779193349666766,0.4443942660382034,-0.33946245737296404,0.18554693079034823,1.4450025174175798,0.06685189767473788,-1.5983597468939192,0.4893696215512612,0.3139450067732151
183,-3.4005276277970617,2.0054689852763303,0.175818383460266,-2.008061883208116,-0.1316242980194989,-1.7941328202073727,2.155164209626512,1.3425724060960629,0.4625570065355361,-1.215223284319256
184,0.2825790872139386,1.2817203753922004,-0.9884987679243251,3.4648744475670323,1.6461896995513854,2.196960753036934,-1.4807923611325295,-1.5257331973671164,1.566182237436337,0.7413009399119248
185,-2.6353408224664396,-1.0087315483522914,1.7161851525335363,3.86605901316065,-2.135323866158474,1.6088948938582697,-1.7897318917559546,1.0700474748119162,0.398547804904859,0.6798230056104924
186,0.08118499799454766,2.2330801284188215,-1.0771312418672154,0.585937969862855,0.4347749500032231,1.1358355972502037,1.0827958070606143,-1.4434212969572573,0.19944295653861221,-0.6627742187931045
187,0.3590686609183384,-0.011058385279010896,-0.4364742202496105,0.11936574433324271,-0.6261059486675423,1.1976655961923004,0.7925974173425857,-1.2353148569986565,0.8449137493546568,-0.3571871843959207
188,-1.9227755848463877,0.16304139346357718,1.7634673685638855,-1.2531949048072784,0.5099112406619971,1.1782671144251815,0.696736971758905,-1.3641885097920903,-0.4251907326259509,-0.3311811987625607
189,-0.25438570854651593,-0.2669538624940254,-0.5163953100234069,2.758374066939508,-0.021915400666746132,2.478340411772676,0.056526999696277655,0.6072367685394231,-0.04522641185607363,-0.42204244280085323
190,2.2264886040023923,-1.401790328958942,2.873891933885749,1.1579261611101694,-2.308983373081374,0.15330771060493734,-1.7154137591675742,-0.47048467868293115,-1.5923627270413943,-0.3915526923774383
191,-1.2206884735402526,-0.8393078294784626,1.19978032279398,-0.8137158931985173,-0.27873190030490425,1.3749511911166763,-1.9522038561542638,0.39876523341543835,0.16405785562697633,-0.2022854612762998
192,-0.11943670865683909,-2.317851276428968,1.0018988056667801,-1.8683131828626147,1.5782377871671693,-0.10854070960965233,-1.4009853019913996,-1.180219406862262,0.26280174267782674,-0.9620929920213939
193,4.910036839159977,3.0093573106470215,0.7921037854248446,1.5716071180544426,2.5907055167519637,-2.6311591902537472,1.342843086231262,2.2576941610337307,0.028288656697527916,3.4119096396009456
194,1.6715761918091778,1.7223196718766665,-1.2179389084799772,-0.665872295380166,-1.66239238257993,-1.2124042682793637,0.586748195677966,-1.1363775808368615,-1.161877372955806,0.5109285955809694
195,-0.7428148771737101,-0.4382861602840732,2.0040175534949483,-3.031852461012474,-0.7349116451730514,-0.5688502105350396,-0.1016811588517067,2.195598013597711,1.2327554512656516,-0.0942212853044407
196,-2.7104991122876396,0.14453213549360966,0.8972257923818585,-2.0495157871480902,-0.38346123219475703,1.2542650729870288,3.0691472540276155,-0.5345329655643302,1.8710293226009762,-0.421805296208274
197,-1.9413509294845166,1.4396470982230456,0.7285926266865146,-2.9268063219983063,-1.5288954315059655,1.875410049734014,-0.2647346518324391,0.5621805397701828,-1.9118415009431893,1.3067639660611032
198,2.917226624185379,3.425196804060117,0.18607322169017246,1.9785939166674416,-2.124281728864382,-2.89684253127304,0.7425268190107991,-0.7211273237156748,0.8260204047544288,1.071333753646982
199,-0.8543429743228639,3.038952194797327,0.8749671403193269,1.7883205604491663,-1.6532482314922872,1.711251082811421,-1.4154440931092842,0.9691323218123554,-0.8460104889534819,1.994636402653449
200,-1.0802329248614957,0.38872879518313175,-2.0216300214439396,-0.2930900617713157,-0.26562018134881726,0.8334242418345359,-0.6263727163308056,0.38826342378009854,-0.9785774660960883,0.8604831357891941
201,-2.0508751441020663,3.232170702709797,-0.18047699375390935,1.01708488665013,0.7994222316989713,-0.07513185699405975,-1.8338572167083407,0.2082104906207402,0.4118318843631486,-0.9156146879593886
202,-0.09607699102985034,-1.344931727100473,-2.5643113425672945,0.02310954202375375,-0.3758642081420786,-1.7570870226917017,-2.2753550213339566,-0.2636810204594868,0.6567748887554359,-0.01786239801924062
203,-0.3592722337404397,-0.7090270736016531,1.4134409498729823,1.2164855798836185,1.613646733976263,-0.3750363677762739,-2.7644492098619455,1.9207298942911157,-0.41227472568773066,-1.8530989490826886
204,0.5792299972975528,-1.851764923735744,-0.14706315933575578,0.3710639561782284,0.34159806309067625,0.7442281805794498,-1.5395407998430775,0.7013139873740877,-1.1599499074073696,0.0349173049995372
205,-1.247746215956539,-0.914224055985198,-1.1820287015855049,0.502078668156355,2.6604713355537766,-2.6947635054111254,0.15869677920824424,-1.0745073691261913,-1.2036567451305307,-2.0064478338240432
206,3.2066198921576254,1.5934632591482185,-2.5566397533063103,2.6144502503230735,-0.14438861311523996,0.9580823910649634,0.9782604921929959,-0.18433135759492258,-2.1434881162155848,-0.8387468171906983
207,1.4592329102396542,-1.1394974127535853,-0.786726086970395,1.8676831865634211,-1.4242863129325092,1.5534358263251744,-1.111525873157056,1.2975246940686898,-1.266263054489547,-0.00667330908415893
208,-2.6842448321030585,0.12640264502989063,1.4710738046770782,2.4166784298655712,-1.0047383890901793,2.9241470554931914,-0.07298996171609905,-2.4747624408273357,2.2681505297592484,1.725834432781161
209,0.9562108471675562,-1.4073722407918874,1.2242250861065536,0.2068459802162352,-1.083924411648073,-1.049516186465644,-0.4463445177801799,1.0431026022450485,-2.9779663659387308,-0.8395485773405567
210,-0.7864618372398737,-1.5379195812230637,-1.6999879221027099,1.2233216372926579,1.8512351652668393,-0.5892630141034902,1.8711748507567945,-2.835323970433669,-0.6398824661254963,0.24218784011090252
211,-0.7036698680421216,-1.7108710066465043,-1.2227654561350116,3.034091413644602,4.665299245634743,-1.1313608054703972,1.0648740331011564,2.7022959897025522,0.3025369729354615,3.2686720702479812
212,1.5482543948389693,5.142904129848878,-1.1513801072082888,2.6887006193699263,0.23257560424197443,1.0522902977127642,-0.7301984114189431,0.7225822626868735,-1.3932398680353777,-0.9320870668529573
213,-1.688974649475084,-1.6426148618574095,-1.4003832828620624,0.9886834272006451,-1.3175234047254376,-0.04879544838740572,-2.809992580577195,1.6155546558594318,0.08956190212665904,0.18685504461216432
214,2.3072997080346695,1.629532761065772,-1.9554587156621006,0.2494294976036297,1.0573299811985517,-0.2168787366419291,-0.8646330222452945,0.05830971965675608,-0.9301341945611474,-0.7182156186338821
215,-0.5092094011908913,-1.3678561573515453,0.017541962969756162,0.1018658090875771,-1.9258994318581886,0.5625090310300483,-0.4176081236525452,0.013655472424789443,-2.70510274960107,0.6800351269288759
216,-1.676783426468269,1.3675447130013487,2.9609727831489394,0.7157989202942149,1.2829671797720588,-0.23825223653427247,-2.885973206805109,0.8564980213339852,0.7295142253275926,-0.6183271436603387
217,3.3155338626353923,1.3041719212834415,-0.35480905171753413,3.605221163474288,1.0560427594142756,2.592550022115218,-2.390263054316623,-0.24877521590932247,2.04602874339683,-0.9957311435576427
218,2.0446108357365884,1.0786072002712108,-1.8049810983498142,2.133618104652456,-2.8311956894691757,0.4637431301265823,0.5765296894866616,2.234498561532438,0.002255862368370744,-1.4205999265004385
219,1.1095388287419894,-0.8342723953579735,0.9896130944482183,1.5890849485122154,-1.8860751136445044,-1.1343734193028945,0.21703028881788092,1.8806472925162676,0.02636779881233116,-1.1545667130369173
220,-1.524964789415972,-2.1442520110337266,-0.8016334545755021,0.5100079153838688,1.363361383804581,-0.09706806640343264,-0.24079048312579984,-1.0206349666479004,-0.8530784700247019,-1.1738875974831595
221,1.491066976968256,-2.0154774788613876,-0.3962341049807386,0.7440163542414742,0.9586729286368882,-1.9212057599579022,-0.12019629804111581,-1.9551988499204336,-1.0334605335272815,-1.5756354326501312
222,1.020157509604681,-3.3985152356532633,-1.2671216118998259,1.1350668753233313,2.5200864867274313,0.6214125866330785,0.672799641582463,-1.6316133377717592,-0.3297400311541373,-2.148102610416636
223,-2.8284926447269574,-1.338353782342249,0.941521233427536,-0.7468390644721956,-4.116515815856632,1.175116894087386,-1.3861110158566847,0.37440377464857527,1.1208405425236994,2.1042414943194223
224,4.398655817669641,3.411104249628495,0.7215503975545411,1.965040426955611,-1.994634313641756,-1.575895571248118,-0.4759786901359961,1.6220339456442316,-2.6761900501711917,0.5248922628344556
225,-3.856056920231174,-0.009055840375907268,-1.3234305356457132,-1.359831405111532,0.9842476837647834,-0.06120624232600232,0.9437473642291001,-0.3573753401672398,-1.5015286495585234,0.6700996295381251
226,1.722448548550667,-2.286141584891934,-0.14398236680092988,-0.8694497516355357,2.01038295185378,0.9910379981710737,0.1314420130246076,-2.3515696414089953,0.6874007863027563,-0.3860679894974599
227,-2.629523414027942,1.4996916651928822,2.1273135611143896,-1.3454466332906474,2.0566117619343505,0.03024638703990048,-1.797083637101461,-0.11361782307327112,0.2645456888259452,-0.44425704140415606
228,-0.40800778285482425,0.461578005898896,-0.26726727419712576,-0.7564863795614,-0.6932066309598974,-0.9386412710028468,0.46862184156553616,2.59262964943953,0.38829530466518863,-1.6414339163707057
229,3.880586106248325,0.7608755398446494,0.32276792825126915,3.018797642789984,-1.3367284211465789,-3.9045688389148707,0.31885097792464423,-2.6153420744061844,-0.06468173446809777,1.0376277115229775
230,-1.6798274326505553,-1.289265868950752,2.5183515401975236,1.596785559003956,0.9132275051974134,1.0877501145707722,0.14242406474190897,-2.002138917761592,0.8680742705074318,0.28088935191795805
231,-2.063194227587147,0.5286365629373471,0.9690487812621716,0.6969119443164331,-0.994842845099535,1.5507406077336967,1.7573824587998583,-0.7774093496802327,3.109645834615975,-0.49678160976669633
232,-0.9194322199470879,-0.8405909071688716,0.7159377252647416,-0.8986478329593605,1.01801367307066,-2.4690861373826687,0.47250635869493846,0.3469868572736275,2.3212968057573344,-0.04179195541133749
233,-0.5381283111455323,1.9541643685732795,-3.7397102196057994,0.6852138654094921,1.1097723309840153,0.6333901736731327,-1.4291089678027402,-2.092610868260245,2.680391634773546,1.0572314704739494
234,-1.9587666657163023,2.769570404519074,-0.5079844184281895,1.5259666706502026,-0.9840228469826353,-1.1419295271056749,-0.08903920771150242,0.886797620701624,2.0727034875142025,-0.945971078870492
235,1.5367170821714442,-2.1384512981047985,-0.170327436430867,-0.26800815694654806,-0.6599527685245538,-0.18389259832285065,-0.3580815458681976,1.047851552471157,-1.4919494263457431,0.17846457531468596
236,-0.32608238053628136,-0.480359873097312,1.1665599019011186,0.261493569890548,2.0873733381099533,-0.32807172504858934,-0.25971397532874557,-2.5352019691062204,1.0250044241386471,-0.5182104097165715
237,0.4712565284437619,4.869864636399281,2.022346814600756,0.34858830721282835,-0.5126175765423904,-0.9360356061934932,2.1429405097935326,1.1005072465883312,1.8866610664897054,-0.6161134445886661
238,0.8848724631720016,-0.8982904743378565,0.576056104509513,-2.265123104067209,0.50518482561896,2.3481296736289794,-0.07014862011174282,0.5583513283197938,0.05544804847794711,0.003509604540430521
239,-0.8793468155004286,-3.6118157229218877,4.666887632911098,0.779037185893418,-2.2428784004408886,-1.5847738687920292,0.775651514774072,-3.153735468870382,-0.5067712029960056,1.4380711880647576
240,6.5538489502422586,1.5123111841639065,-0.00426907565401296,-1.2862039140729729,0.5672087758527157,2.1713332753466834,-0.6503908563407136,2.0814002969857417,2.9662138861325533,-2.3764148164787833
241,0.18442258398783773,3.74872645229375,0.7127909923101692,0.31732871988120154,1.1725152016970102,1.2990485564675625,0.6209303878892241,-2.1105024815139646,1.2528819945623308,-0.3609189429153322
242,0.11260505079719636,1.5443445357819934,0.13817835133098444,1.410053839374095,-1.586846360543066,-0.29607986633565025,-0.1520776037793673,-0.46924445884406,-2.7225415230397636,1.5201085663197733
243,0.6678085219801222,0.3921941806368318,-1.0434077933205124,-2.3580145002346744,2.521857239820695,0.9297396975631257,-2.2669743103770013,-1.4574729052309712,0.5901392466923521,0.5232488294998997
244,-1.9010705291084153,0.9738075279873925,-0.8208697929713693,-2.7926102154547436,0.18778814379168635,0.0007340188179832525,0.3931015807760888,-0.9449196400902441,-1.1235360023329686,0.17628643700109548
245,-1.7685556808294491,1.1043611868403873,-0.3674359994062937,-3.848152115381861,-0.3317251210377806,0.38679927144208837,0.20123949267373248,-1.5090524447498388,-1.2443744548116011,1.2995476234193148
246,2.5319410880685402,-3.1871601316936884,-0.7127639550326231,3.080340784198027,5.509157016633509,-0.31296274636748417,1.8420898940123813,3.50409783357366,0.028460328080363265,2.1569658255192197
247,-1.626307438385773,0.2206007184578281,4.003720379719864,-2.3155774834230525,-0.26698875766353036,-0.4607700013477826,-0.8172032463547514,0.5316967676916968,-1.0074019189478285,0.8261645710948825
248,-0.42646504238604505,-1.5756307927864075,2.4682018626448228,-2.400277971483393,-1.389431731743313,-0.3507072094422038,-0.05338727348293621,1.506620049749354,1.0026859366046308,0.36713056196552524
249,10.247180013293326,3.640378056036439,1.3597933637912467,0.5290327850843138,1.195395745066497,4.8390831491026045,-0.9333269687045396,0.7379528682069936,1.4890765448207124,-1.245074474007818
250,2.8081261829374387,-1.118575524114984,-1.2655381587982388,0.646791364826011,0.13582183880091617,1.6580515093646604,1.276476170870668,-0.7493058086525017,-1.4338385275419265,-0.8981760457513156
251,0.9820809458158826,1.1940416342553943,2.405762386148475,-1.9667561120054111,-1.7769874102424132,-0.05315330165272585,-0.6515473369720706,1.7307099255329748,-1.5981752315023672,-0.4283652504186813
252,6.597877446866514,1.0339457795348752,0.2630874981771083,-2.42021784477575,0.058488209212530076,2.7418269255679313,-0.9169468832939855,0.1498873464299612,-0.8264203569564708,-1.0350648989284925
253,2.3440577080565634,-2.2391074996184606,-0.6696832411991961,1.4207160248882846,1.8545258335799866,-3.518952822759691,-0.6128546190609666,3.585070699693106,0.39159865346785,4.989864077122579
254,7.338283701914202,0.9211421698175157,1.289308566757232,-1.2685997361619346,-1.8925924302034067,3.9111157526137665,-0.6318927552348805,0.80831253800283,-0.5661066268252601,-1.3754816707641833
255,1.0886222541766275,-1.306028435151396,3.1171572144663156,-1.3255663341197657,-0.7091066646556458,-1.3168372949149862,-0.7377247710652906,-1.571723890724223,0.16732183222924313,1.053525006700606
256,1.7999115992057306,0.7651180088368121,2.190353042941598,-2.3343090866728553,-0.5989123783022715,-0.3458105039242444,-0.6827337404926754,0.944032686311348,-1.6252989555905737,-0.16401004398741514
257,2.5910533027590015,-0.38178781285123575,-0.627440120936112,-2.156184836361496,0.9600427371386205,-0.7218308674485086,-0.31106609780896965,-0.3358401163719921,-0.5581705799155129,-0.533837562675208
258,-4.254772906142347,-0.29977982257084324,-0.6915510721616918,1.3935578408906246,1.0339440789370185,-0.04084256692962764,0.15623654712533233,-1.1833217450381963,-1.1348053522988981,-0.2749331337377592
259,-2.146842036980332,-1.0654586720771642,0.5251604112602012,0.9066081165928188,-0.4338121920528982,2.3533217605937766,-1.3206395306025147,0.464359319388429,-0.0543711223825679,1.72007974605415
260,-2.0752179430124125,0.4873687077004668,2.0542996751108715,-1.8043906660237357,1.5912245893009094,0.41836369017733366,-1.4216696974209933,-0.17997977994810738,-0.20229014207525942,-0.23535790166213522
261,-1.1346033233124315,-2.3528809581238694,0.2780757128237165,0.5757709205125453,0.4449639938023798,0.5766772102832411,2.1657267283413537,-0.9967708697977867,3.3315196703464975,-1.1371570787042906
262,-3.4577966505644224,0.7130587590214166,1.4968557536692317,2.971432335541659,-2.3297448500008104,1.8781228786503374,1.8103638114865734,1.6601517112892081,0.6476217178223858,-0.3053738586937837
263,-0.2578123017698812,-1.302731154311754,-0.9164921439835045,-0.21078993291219333,-0.16776800713489043,0.8395281302051617,-0.5574401125999737,0.546629103284361,-2.0477130068009908,0.7629340515599292
264,-0.8562821491638403,-1.8584441165212602,1.8197299562358815,-2.3493146119976793,1.3409990187833378,-0.9406230945742201,-0.6004302032645054,-1.3686655711333138,-0.5388802312218218,0.44076497008976456
265,-1.4359306694650564,-2.0339829128498277,1.258867806497491,-0.050132824735503435,0.10291278126511277,0.39489356503524664,-0.6799869729551516,-0.7667697152653877,0.09320043338197322,0.29460291465460964
266,-0.7206266508714476,-2.346004375280254,-0.9313112965213364,1.8066997679110217,2.091716207229867,0.7604236021000419,0.8707849884883199,-1.4462110994270623,0.24290374788078783,-1.4010901550453128
267,-1.4050008040204571,4.171114230377095,1.89169102312574,3.290212563348256,0.27256805682417157,-1.4333050966990166,-1.8863660497558188,-0.9327931735479537,0.049212523337000096,1.0730328070492678
268,1.8401400499587828,2.9374617726254577,-0.4203569560092672,-0.9035875431844264,1.5334729850345141,0.15689177899734985,0.36198976620546436,-1.302854801538754,-0.31400815984902264,-1.5411198252660514
269,0.323011324536674,1.2261211248655737,0.1588686669751407,0.34368342392772816,0.5729611994413522,-1.0255928039658089,-0.6046874871625528,-2.520909683005588,-0.6398667483314013,0.9303303001115335
270,0.11015477894387195,1.8980435027707006,-2.546091328274543,-0.27687694964121573,2.076335157810951,-0.0382678323363868,2.047727806963305,0.21643494974022862,1.348220522888979,-2.5875271568153155
271,5.0776207261068835,-3.038256749345564,-0.36938163445308664,1.631036380882631,2.076170919646816,3.0772877001112118,0.2191118555167441,-0.8593228853852068,0.17132583770268622,-2.2190776334391797
272,2.832690788339239,1.6687479880803577,-1.8169471600899076,2.672536554624392,3.5111248032678932,-0.42680158509633515,1.2034091226807169,3.368697170557596,-0.09190167587271834,3.5092892788848777
273,-2.6913783969219165,2.0308174755182957,-0.539090249300311,2.1417295399045986,3.371965465050828,-0.42381847498845304,1.1765595587699904,0.6137949643533178,3.508355155659775,-3.1011957069610117
274,-0.2994258390936477,-1.7647186457898456,1.788609498168627,0.21961381915446818,1.144243664428405,-0.8417678410800218,-1.2374589435176062,1.7986626929031757,-1.1926730468476079,-0.722528626936926
275,-2.0690767860611476,0.5634228379590118,2.2260248752552227,1.642802769839644,1.5934251993514854,0.12945885544435887,0.492575420253302,-1.09489727208004,1.2964069659062227,-0.037496586519818416
276,-2.3156993861878137,-1.3426430392353135,0.1902694469954945,2.994046856399508,0.770193833023769,0.8103459698864118,0.13419066786277326,-0.10372747529773457,0.09249674696643208,-1.1270111536148562
277,1.0101156656145356,0.4833630470549196,-1.626304800360141,1.0432447392950681,-0.3914514798430087,-0.6475728426574243,-0.5941838163624157,0.22998109516387968,-0.7279680471229625,-0.8716735416923289
278,2.8292220314223298,-2.8614045016711933,1.7829431895191703,1.3374639062890714,-1.6743600716620317,5.539338291768493,1.7823658544794785,-1.5908262876939014,-0.9069389320894896,1.9596723112420213
279,0.9823640850972191,2.0139534529844294,0.5828851980990682,0.9885271071772064,-1.1498394646240135,0.6117809957957243,-1.1059425954187372,-2.239276573080861,0.21898550247820175,1.7369694253798893
280,-0.08046494028859567,1.7512183695297254,-0.41224396008890124,0.8727318355792892,-0.8243474824502106,0.10558374496923464,-0.19490051994260943,-1.031489711925667,0.8936823390094281,1.0727748430412771
281,-0.5635693769215703,-0.6242888938279529,-4.048774560697765,1.6216465157037638,-1.388936357004636,0.7918348696537987,1.6177332665887159,-0.04755308740565761,4.2887494399684085,-0.7133981720603454
282,0.13117703301947933,0.39836704717851873,1.3757117447073806,-0.3396005913553563,-0.6110614227237159,0.28175041107577287,-1.4889471186035153,-2.448869052022507,0.5446113126747394,1.9482225889655813
283,3.3996243932577874,3.2055637870659166,-0.645906998749143,0.12684465779389048,1.0217553135171804,1.4829715639885646,-0.5939431907693266,-1.7940285317987972,0.44605916078583674,1.1415577489295075
284,2.167384494048534,3.8587415457413794,0.7844057763189071,0.2531892471641292,-0.6464984756668544,2.1919787692739874,-2.606385624659474,0.6368216918516029,-0.15471293997075866,1.3866106752766227
285,-3.6428199578385234,-2.8737270119896445,2.3458997759981535,1.5563876754122499,2.0793721484588295,-2.6029815180010956,0.09909336345898725,-1.4139446444362826,-1.8471667253332353,-1.1000177890615297
286,0.4444583139676504,-2.1623092138558047,-0.3536687664599997,-2.026010116906643,1.6123917724861212,-1.766945129859081,-2.7369406721537004,-0.50369696065365,1.549310165671527,0.00880080545549024
287,0.02259854920135743,-1.1089433581380896,0.7005952566230014,-1.1111940920426837,2.7406636263207784,-1.3911065266457494,-2.6302838098393178,-0.42938472302839664,1.7556548871048947,-0.6671350225704272
288,0.565792083570369,-0.14114141482764675,-0.8634962118480509,-1.0621941440432623,2.125663582492729,0.19324945449800637,-1.4745047186120959,1.8321196577984802,-1.7089724559320605,-1.8435615680642428
289,-0.17969142871461552,-0.8999735409927838,1.7952637020921987,-1.5231239361388356,-0.40402884976351533,-0.5024376368921128,-0.014581194113333588,2.6138215579749984,0.9816179105709816,-1.614493996918707
290,-4.547933664568848,0.37440254948958585,2.3143642835905216,1.8025176614462572,0.9080547565474265,0.7930918869854408,-0.9399658569849492,1.1942591882592408,-0.9778551102729485,-1.601267371944112
291,-2.4383884316761333,-1.3307677215958194,0.04892496696670066,0.7273420815496213,0.36741273035737015,0.3714057045306366,-0.8325433018894325,1.2008669174426403,-1.1151695284573206,-1.0204458385762105
292,-2.3836966774030666,0.974242987529305,2.0403154004176436,0.46763142558007653,1.076662118570143,-0.14093908729508853,-1.6749668319745876,-0.883235119491704,0.7628386983566368,-0.9598126664169415
293,-4.406365449649778,2.191436147759461,-0.772150234008561,-0.4211107699861316,1.5059011011931098,1.056078920494789,-0.8877779643059112,-0.8402527206045114,-0.09910823942811839,2.2212641045688954
294,-1.6712514583216715,1.6158126673184028,-0.7306373291562974,0.6436005898572861,0.7625819843529793,1.3191688239785826,1.6448020423920244,-1.3092285557660126,-1.4567674800699297,0.4341072340488894
295,-5.078293787446766,0.18751456775474284,0.6464730270145722,1.649679759116802,-0.33121829433465594,0.5976446274795306,0.11182447721348078,1.303209688785481,-1.5023033319658992,-1.0696684096714697
296,-5.555576443732071,-1.5055413346670719,3.5233927168202714,2.8337416866307907,-0.8006238911871668,-1.073833435469638,0.1828832696918976,0.16169408594736864,-2.5000905656014107,-0.4119772061465929
297,-2.652239623232071,-0.075103129010197,0.3409956472076585,-0.8989702149680404,2.017779604690569,-1.9925502986043664,0.4578586573133528,-1.1050112443496478,-1.2991735100890947,0.16271019236834705
298,-1.2585419090281655,1.7573553988062092,-0.4909731042880333,-0.9703169725718781,-0.16553134098325484,0.7810034776821837,-0.26975225955070564,1.9144137591182222,-1.9916592466713727,-0.6278050165843994
299,0.5108753496804346,0.7654836087504864,-0.33407580393884484,4.60926929906935,2.7319875902783144,-1.1911233133991503,1.2708559965455832,2.2580742429768748,1.2751167543028192,4.031869297417793
300,0.5078752997727873,0.1929241258027835,-0.1351391835320956,3.4812180559679127,4.8921333653801575,0.3760110440628754,1.0267779329792497,3.5809832890351614,0.6539535986707029,3.11973279702044
301,-4.4683306015193205,-0.6038862839711501,0.22963896150252103,1.3302149567807715,0.8238450071861119,-0.4879297296783431,0.7213693848627357,2.634443846901877,0.4392647631877775,-1.9846311824644736
302,-3.2928218695048836,3.222373088923143,1.5237165447180283,2.7807932400733018,-1.9042244632064207,3.4761740202892275,0.6338286326435826,0.08018981077454204,0.6687034113181404,2.5270623663348766
303,-2.074709238234369,0.21999764611107026,-1.0800453356931008,1.783640577331722,0.2463963139261685,2.9025851460218903,0.4628684786773455,0.002594763812476235,-1.6367339887721721,0.14570301571713004
304,-0.7460278797112617,-0.03446625575791542,1.5464415091017438,-1.3161384457145884,-4.1514367820855,0.16207168202439617,2.2494583867416407,1.2686090108070276,-0.612067887695832,1.6466331133483298
305,-3.407212899503913,-0.7739079948635428,0.9480530360903043,1.2482237148271627,1.1021179277205577,-0.6122106038012364,-0.6845888770111478,1.1197132760017359,-1.266486322259165,-0.7755876623172155
306,-6.019121613568753,0.24689373236910472,-0.48561555899311115,0.019901096739651254,0.07965929537639646,-1.712980764160623,2.8659751445694246,1.7791728242489766,-0.165007127785532,-2.4136372600580973
307,-0.5721676613091686,1.1135449988796386,1.8515309694134776,-3.824413166437902,4.538492994608286,0.13257399907222686,1.067169906032981,3.212792868046866,-0.377274172734976,5.41162101230851
308,0.6780156224960715,0.40638170960740333,0.6407212772470663,-2.617426968128258,1.0341503513593635,-0.19729239060163367,2.905566851412,-0.9529596136037624,2.4939486305771887,-1.0595324307173934
309,-0.12386874926010588,-1.8214290046881942,0.01631785166164457,0.7122914356344835,2.1360235976914095,-1.2312612348385756,-1.5819445542842814,-0.7766103083015646,-0.0840515690334475,-0.6574463853563873
310,-2.051246367490741,-0.5248020040507185,-1.553410575453362,1.1903632793513401,2.477678653951375,1.122400410394653,1.1680813789673319,-1.2721319837619254,-0.7373423961231446,-1.1892236007780277
311,-0.8134395587185701,2.0802260318873365,-0.4036079852117322,1.2641317454042307,0.04516787850431433,-2.5505279137025294,1.9487579484626711,0.2809468960191195,-0.24447936638248224,-2.3364551859220883
312,0.4162995139271625,2.6093833781067564,-1.5731724853311808,0.5432538195936382,0.10596773973258829,0.05291204069896398,-0.4485703643488387,0.8190400860822091,-2.7675945590633484,-0.6084955405955196
313,-2.406179451386484,0.10585841480569486,-0.8425739649217394,1.115583718178867,-0.3064883075113997,2.723859786619833,1.2184722514575312,0.11106961784282346,-2.5420840767245285,0.13508270340224046
314,-1.1139741968625245,-2.8318766271898292,0.8206203489143682,1.065277959885348,-0.025719671488430684,1.9138409056515784,0.3797462497370184,0.13174608856811187,-1.2031467324175582,-0.5852829383442641
315,-0.6539513640298598,-0.5722356218234865,0.004240208916237781,1.2305444732576447,-0.5390824135588715,-0.9678061058637305,0.06925068504378627,-1.2173257203641503,-0.6107431782922627,-0.2009979851056635
316,-2.202303934658568,1.4739890856602476,0.7741750370420168,0.07824168289493834,-0.5683069704851673,-0.7404477092999148,1.6191102180092192,3.030972456866591,0.001815675570036833,-2.2550811225047416
317,-1.3437568640915751,0.13418395699598784,4.095619840516778,1.1623118510919956,-1.0164364506424013,-0.7393574484012578,-0.0358990594342522,1.6398901589952957,1.916568294951238,-1.4567534775728654
318,-1.1570180605802858,0.7004505909280477,0.5970342003464254,-0.7154961091376317,0.8902445728570696,0.1752160470949786,-0.9460538471796338,-1.093435526922533,0.2713844015690255,0.44588434235672747
319,-0.468182749966065,5.053842662175867,1.7626166398566963,-0.9624082453711442,0.2445194752158077,-0.548414317618334,-0.8556291746861804,-0.006764517035085442,0.20413432657097957,-0.48540183545548127
320,5.196967180611071,4.131572335334447,1.4069320803944558,1.2153709985651526,-0.7869689608723932,-4.095763279811678,-0.3692385923285855,-0.1335482360921329,-2.2652360591580756,-0.3846522450928428
321,-0.4335410055093621,0.7613833476575331,-2.740052585339127,-0.00470595367190089,0.6334670240037865,0.22106631325484266,0.8062027446341216,-1.2330266819242666,-2.522643537561937,-0.23483242605893023
322,-1.2231758778807051,1.2526667674429972,-2.570614700664299,-0.08006921569378637,2.0344563567726834,-0.4962765387966159,-0.39394075104898374,-1.1223839271195042,-1.1742003532848861,-0.8562086515467411
323,-2.5778668177452424,0.7083079712288788,-0.34037464996821964,1.4541851916494861,0.33049162803205656,0.9975565591825369,1.9338144621508884,-0.5238497046417196,-1.9906604180334964,0.29889946463587935
324,1.450301787407159,1.8853981946458296,-1.9290204973541105,-0.20923886614061155,2.757078520893787,-1.6192006468994011,-0.7643011164051485,-0.6273963769481757,-1.0916720279952206,-1.7584283282958952
325,-2.210690327345263,-0.8235671072920914,0.015656624427923847,0.03431676733133184,0.7478375503312946,0.1266274240956796,2.9395341103421724,0.9346097999132825,-0.1895288335266568,-2.1845646424070435
326,1.0679865186494848,-1.638292391728284,-1.392122130166039,-1.4486177984434432,1.7843443738019618,0.772532995817665,-1.1612848943887841,-1.2687103107815578,0.32713274809779874,-0.5486147365202986
327,1.4993392037071,-2.5942859851151168,0.8449653874052313,1.0457810742619547,4.490570916179967,0.9112871250412796,1.256834916239083,1.9593277202617152,2.429924990067081,4.207576901822987
328,-0.11700649542477476,-2.3925695076742137,1.4447511680961884,-0.12018187528912248,2.8631467684454606,-1.7888551174687832,-0.5338317519958098,-2.4377907728540804,-0.5431875479262602,-1.3276924973442263
329,-0.8968218682212493,2.0066974853089357,0.25909400499515023,-0.9041374150867895,0.9508768644522184,0.8880792993574564,-1.529323038678274,0.5515331400266151,-1.2220324355897378,-1.254474086363438
330,0.20439516990259696,-0.9965224381999279,-0.27120433719112536,2.557406595990319,0.4880594181899967,1.376447036090834,-0.13284296484948008,0.7769218610110955,-0.4796694068617034,-0.891833630996418
331,-3.8588411870467496,-0.1865127524460801,0.6832302922577932,0.9890776458425401,1.4910403599079052,0.6249883116506112,-1.4986249017063866,1.3023482153055452,-0.48390471896194565,-0.8024941231212858
332,-0.7915813756636101,0.18724111545750877,0.6167144375773941,2.229263271417843,0.058136120772275965,0.16264810545360275,-1.888754398795103,1.3434896900231732,-1.2615895735647396,-0.028936917065897554
333,0.8540736571773948,0.9721160763878185,-0.44245038636351747,0.1277693349527234,-0.6569731160485685,0.38692640215592666,0.043781899103174156,-0.9831836992331405,1.329149484429827,1.0509493110558976
334,-0.20875536820842003,0.7093809929331139,-1.4375795445514872,0.011974063354805725,-0.33148113387476513,-0.1192708486705628,0.9548239745793017,0.22460316192205318,2.0038463209610535,0.38675472871728606
335,-2.2562867046784323,2.3654428214151326,1.1856632938340688,-1.027592291420229,0.8128768322811412,2.0471194111169058,0.944069743490152,-1.433579162791841,0.017571403205292487,0.5281414852929297
336,0.5253678093558795,-2.970437946677172,-0.3613215219586097,1.7858135662460743,-1.3503514210484866,2.757893020980162,2.4129736352622793,1.2114678705261048,1.0961804799315553,-0.3500573365195856
337,-0.9692573910984973,-1.6232200730952047,0.2996802813797815,0.8617895568489586,0.7726437169062375,0.2743755599791398,-1.0304862720374879,0.7049185569679233,-1.6597670267939721,-1.264091872076145
338,-1.4844752398019088,1.502562213207597,2.157410787353477,1.0310437794163696,1.9725736513015564,1.6411664377274082,-0.7631358553991282,0.2636812251120233,1.098029878528572,-1.5361744327292375
339,-2.7094918918914557,0.8642662541988186,1.5426253844304207,-0.9470596569867414,0.8769548133776995,1.7436688333482113,1.3896825436264746,-1.3442182290161908,-1.5963133616028948,0.1248262704149417
340,-0.13216429833200208,2.2744904784944655,-1.924304969287873,0.6173117589057626,2.4592049612871505,0.8648770432429619,0.6312460219887894,0.014280065685406658,-2.4060395199824196,-1.9376222790759376
341,-2.101928175928158,1.180366916425929,-1.5288616814782974,0.9676331182233222,1.6771437530245266,0.38861170590169514,1.1943804411994638,-0.8960879137228867,-0.006646728219719164,-1.3748387517434602
342,5.561317055034053,4.909695755744632,1.5733950369218404,1.6017293381469029,-1.2088821536639431,-1.9349230093271366,-0.19401607427116235,0.8405592492690191,-1.3995577831395394,-0.23737490471185724
343,6.10722526347657,-0.1300424111242488,3.282754459557667,1.11351015448983,4.043189697264837,-2.5630462242141077,0.6255929363595386,3.3564843318042574,0.6463303261438978,3.752381364985977
344,1.8680039791938157,2.044946440684802,0.1561799311922989,-0.09376356463751835,0.5094761463849342,-1.1809340036740885,-0.6840088755449472,0.9652802918551125,-1.2107722305105932,-0.90772174463911
345,4.9201535018955385,-0.614872082277714,2.3791134809168555,-0.7977064028925083,-0.3250226965186737,4.600589451065799,0.8125298415945253,-1.0068605355870253,0.34061038187257864,-1.0192938294140004
346,6.209498955754234,-0.0114201790411407,1.7853365549370348,0.9153190337040233,2.8296302486252447,-3.107458274550188,1.9981943005954528,3.8456202814239826,-1.4864246680485813,3.88835742722413
347,1.6747857404381554,2.0433627951493176,-0.44079362209278466,0.7145057247530642,2.55990797240688,-1.3542477354806597,0.31150903661434515,-2.0560167809493843,0.343262688146979,-0.024271554035357756
348,0.5927213443167053,-1.521829646407948,-0.6687620164572814,-0.9987884123803005,0.2175588167393008,0.35508865919847526,2.8922640225143392,0.8085285145041604,-0.22335519741199977,-2.6870147908230044
349,-0.7769558561724996,0.8337713867244001,-0.6515408292706686,-0.4181611916325254,-1.1787279379758024,-2.4657827899207025,3.1296625419224084,-1.4637438127584759,-0.533447581044905,0.05451463493466091
350,-0.869346076191251,-0.9223649851788039,3.726093909132936,2.1186498237681386,-2.0411995220890504,1.9292483643087717,1.1764690533535564,-1.2111672328254386,-0.5149732558139236,0.45169203227916627
351,0.8277136022037247,-0.9499942359397964,4.245335807588421,-0.34887277730507643,-1.1767274104035694,0.7054211656336674,2.256271581876618,1.1518955808529316,2.442681607890142,-0.4030739553646825
352,-3.4657884857651218,-1.030968900390957,4.806230073932987,-1.655192172034825,0.4529630378868033,-1.3373913590672504,1.6848925641638905,1.4462390376483896,0.033142092998706726,-1.8690338752498385
353,-0.006798228035392153,-0.3401256331600925,1.2681676663435097,1.3991277210994286,-0.2493573392664422,0.8295177595109295,1.793265566114865,-0.5133992065765831,-0.7139475683542553,-0.8110742438934595
354,-2.944877230213652,0.4335532898028924,1.4096625319171094,3.1552996893568688,0.6244121621996114,2.0312987738079986,0.3303364422200839,-2.259736943747712,1.6679983381357595,0.013806954243704971
355,-0.09078079942415573,-2.455643289304674,4.781649713994494,-0.2504050438961725,-2.2513243409039063,-1.7384931637136873,1.5171212858971637,0.7937231855316152,0.7638631556870428,-0.8212737699811595
356,3.0780515471836702,-0.0032622524847076505,1.7530583221733074,1.9353797977629528,-1.0208943580236824,-2.492234695327791,-0.4851814185842845,-0.9687716900878581,-2.8059518061417523,-0.782475037304797
357,-1.8913802709509022,1.3503440657224115,2.449751383603967,0.8019889483123593,-0.8004921584306278,1.047167403718224,2.7699776764754622,-1.5651317398336482,-1.9657551733486032,0.15782693829849576
358,3.137315569591503,-4.398368711185001,2.119861157149405,1.791239294388588,-0.05654011473613377,-1.1663869152531183,1.1023436984616928,-1.0948232418740278,-0.3900153459337813,-0.3160639952963201
359,0.9988089914234898,-1.6608022822994484,0.9076716706915656,0.2976463811468662,-0.741347868082232,-0.5036233979752692,3.029103591262243,0.4885619780437835,-0.42465185614758716,-2.001578550480625
360,3.706649632857431,0.4294909859248357,0.8084648908052456,2.2999334715329227,-4.1773508082660555,-1.972864863038825,5.267368930408837,-0.3522377501566481,-0.6021688779999473,0.43234613153575113
361,4.056130829164453,0.3236429786263723,2.748641793913149,0.17458979665837493,-0.8325614123779331,0.13250296107504891,4.203889165079646,-1.783065903492597,1.742888700444501,-1.0912370967291247
362,-0.3340670085061778,-1.6613734196797352,1.678223296438847,0.4463676759369716,1.4514074003275268,1.63638668132167,0.380005022909848,-2.089435446653556,1.9805800483260034,-0.38300717442799426
363,3.8356396296362245,-0.3372520222801752,1.2192547302077592,-0.05820204602414967,1.5362621314950005,-0.31238365422498504,-3.082624410493311,-1.7583301565787552,2.4681275568272727,-0.4744619666238537
364,-3.5872770938112395,1.0670916197144331,3.9641897064814238,-0.14436027502376853,2.3829622527614855,-0.9566106810440481,-1.6323078298690328,-0.11292831431481187,0.34016373196609595,-0.2975456498734028
365,1.8217410630624835,-3.136400830237141,4.131900518446861,0.26145560500534476,0.40626969768831744,-2.9358734202359247,0.4286937733471433,-0.8778340275704372,-1.439346425365881,-0.12386498445355017
366,0.42589941518863567,3.004200113448256,1.0481806319949318,0.39315502901926475,0.970878900382141,-1.0144679130764762,-0.8886408528881771,-2.2428732237021904,-0.20807520631633508,0.2982674648507032
367,-2.9142995786494312,-0.4260938939234604,3.74624198908558,2.0909492015604285,0.13831820142005827,2.202663656898258,-0.5063930794791992,0.0678306221982414,0.1653048899966153,-0.37247786488458184
368,2.135950289071133,0.6706423859938812,0.2369296289810602,1.8382688389824566,1.961919892801672,-1.786595369372772,-2.1485940481884502,-1.027522421464125,0.8604614984448109,-0.6957759293733631
369,-2.996096305498494,3.283300250669632,2.4275431050423264,0.783819156733642,-1.2023585868646502,0.30479652651326367,0.7663605861578568,-0.15789750505697017,2.1137544197248657,0.9820911729807769
370,5.238680604001601,-1.0258786259291646,1.4005437511174181,-1.8832811577964335,0.6002411748280593,-0.6780335858441999,1.4732310374743067,-2.6928405244844233,0.4195812642545823,-0.23444408925564936
371,-1.0535707168620727,-0.12336045648300292,2.164675860844816,-1.9957573567289415,0.5862319925058829,-1.2648476624814526,1.0561693022499952,0.15437267542349425,2.9940106956047314,-0.1251598215617034
372,6.22693305775716,-3.07645750053656,2.5309852412294913,-2.066580035455264,-1.5212319788061515,-0.7993568144378009,0.5114845365463206,-0.861843634799555,-1.5295167429841414,-0.45028722151922135
373,6.646761387893844,0.7260874071334114,0.7682625500372186,-0.9298581007020666,-1.542788157428478,-2.665341299296499,0.24733211231447952,0.6078948858297119,-0.17151870612023878,-0.00037687744305737515
374,-0.3611688071492342,-1.253901653170607,3.57384383432708,0.42610505900247525,1.0313457368287524,-1.7973681838720679,-0.1964276118215574,-0.7289622946642909,-2.512920476381958,-1.9393865603347755
375,2.9009251595303778,-0.19228299048035843,-1.1936507298457946,1.2976610639253694,0.7806606034248198,-1.1186376192432732,2.6919227397976617,-3.852619876086526,-0.6984389460125033,0.7078232376852407
376,2.138733413510555,-2.3480455735889354,0.3855830265476416,-2.124393067954439,2.1584792261668215,-0.8373235399215592,0.5253860358701584,-1.5513298345649036,-0.9461511705335645,-0.5637653637692399
377,-1.420972876790387,-0.6923420563375606,1.0800046748173513,1.7387109717071283,1.2301790716973184,0.9194750524658842,-1.8045188707815012,0.3481998201329764,-0.6025815383118898,-0.8641428696656446
378,4.757693581430218,-3.987350374811502,2.4205083734996866,-0.022753358473407575,-0.6333016934620668,-0.47854820817469007,1.0939550598700771,-2.3933588827667633,0.003249351209115646,0.266697804757688
379,1.7992318989542015,-5.102287289422484,3.21949082097615,0.7215201548720725,-2.389927014089826,0.14710376232852618,0.986048122533617,-2.216723501145602,-0.37385966574509444,1.0013150355365676
380,2.8723752031391587,3.848388857447921,3.820261174760135,0.4931415709787983,-1.5276496359821135,-0.3816704386245365,-1.8979142762974317,0.3180000193805087,0.7839197095365311,0.07940158388597983
381,3.2556623060310868,1.4606320710030118,3.732174943510828,-1.6435335297336655,-1.6281187570987599,-2.295823393081019,0.9999086368987385,-0.5353724908491071,-2.3192474052344556,1.2039574961330295
