individu,Dim1,Dim2,Dim3,Dim4,Dim5,Dim6,Dim7,Dim8,Dim9
1,0.40154929750832546,-0.31858987734865135,-0.012178953345139507,1.3140401508480641,0.12880516280305643,-0.031223732551905956,-0.21206024505506546,-1.3908974280174722,0.5540450521745766
2,-0.4199556388403974,0.15521991172920963,0.7453670463089666,1.2996439095196028,0.3493982668103723,0.32125964548751196,-0.7158778514832767,-0.7392579844655339,-0.19393044102060772
3,0.5088316448566421,-1.0386542696629517,0.7267634328917525,-0.5693318017695466,-0.24181885864499814,1.35097649175039,-0.3202531579790616,2.2880463416071866,-0.22350401783987017
4,-2.2244496957350095,-0.8482233112611254,0.5709536853633709,-1.4339238066292228,-0.22966902727071967,-0.45699282269782654,0.07934918270176661,0.15997499489985945,0.7817843315456382
5,-0.9668419550219562,-0.05073607846956556,0.9548477269779689,-0.7484613459325828,0.23300717734340287,-0.37125953395189737,0.15127478960380725,-0.09293951761833946,-0.37160081145055124
6,-0.7805413257858539,1.1009419785409198,0.6813251466270525,-0.53601308644608,1.3388233620494314,0.49769041973048694,0.7292766312601202,0.39796154317322907,-0.439073530662596
7,-0.5670626904927343,1.066507998445873,0.020419587725082223,0.39918362959068227,-1.0053836324159375,0.4228344472887023,-0.0728859580321645,-0.5565791686961945,0.6624407394867915
8,-0.7026473848593664,-1.4515794425036148,-0.9415715307516274,1.6368473543607633,-0.0946285827296414,-0.030242648307566806,-1.9191613719741052,-0.6229530400284956,0.7917848529131828
9,-3.025476646480927,-0.337911689597448,-1.0572879133259339,0.5994035164022623,-0.6468054981784775,0.32986858056669044,-0.5425288281549177,1.3871140068854964,0.318251035604278
10,-1.9352780855910698,1.7758632703350252,1.7997882685058748,-0.5373823447203108,0.009492072900102226,0.8416109166026936,1.2089307602804513,0.47915485942567554,-0.8636837263852641
11,-1.0644784819870008,-0.42253588373453466,-0.683637358491358,-0.45385411876484894,-1.4933288960406021,0.586646334556493,-0.5529031118998922,-0.045446326771081576,-0.06728463931300366
12,-2.100398621821869,-0.002457440323921371,1.0058001684905093,-0.15037318477818742,0.6429636704060979,0.18166069794417844,-1.1137789808463774,0.45458970279013405,0.056942617182520285
13,-0.7254554299031355,0.6487328799491007,0.3498604884871108,-1.507418687274594,-0.14531683547461752,-0.5168254323078029,-0.5101457283613124,0.3789167123350211,-0.09985602985582438
14,-0.8927688093170909,1.4792469582175263,0.3433920431601229,0.01819013907315768,-0.4166970128962974,0.803498701856577,-0.6283733670868403,0.32708288225327925,-0.47354464418648307
15,-1.8138404549913991,1.4500750209409703,0.24654803141775808,-0.18677098488634084,-1.0840159763265593,1.122972990526938,1.1945103383003233,0.4666686316368563,-0.27134684610924864
16,-0.47255270648155684,1.1222094180182252,-1.3593546819149764,0.3226295608889988,-0.49011742210482545,0.669969960254628,0.17536886229383206,0.31015291517043125,0.5034615813441998
17,-1.0125093617665406,-1.2320547224703093,-1.5275833985649467,-0.19483896235767403,-0.05816544063824295,0.3158667984678099,-0.32603080776163545,0.21812601917267901,0.4778707158943148
18,-1.454072303682293,0.37035872793940805,1.0225558166566897,0.32893365921971135,0.6689725284858883,0.29399134598415705,-0.21151975829557132,0.08236912961914437,-0.21715400703205015
19,5.085971986162536,0.5297388426013855,2.3825033911936426,0.21880913121966902,-0.3088708957715507,1.2147001124185088,-0.03126254980687993,2.4746123648081393,0.9372167982377253
20,-0.4772060501047645,-1.6029537771295055,-0.14054763167846795,-1.5287244346720614,0.46418939058131153,-1.2202137103591135,-1.0136209318884866,-0.18141596190712458,0.3611777092699425
21,-2.4875968756511333,0.23300473742315905,-0.20798667796716677,0.6248207840281784,-1.2227692279897202,1.4193806486552485,0.5471537210647522,0.8322987930071873,-1.0036905181904854
22,-1.7328230538187184,1.462978802550387,1.5238065520091435,-0.5136657275957588,0.1396173273094199,0.4149327988305834,0.24844583668866926,0.3053617266049946,-0.15261109207700066
23,-0.9682572802674484,1.2160259864253513,0.7172927271043835,-1.0586037407730027,-0.1627671658995802,-0.13814780824168515,1.8790498764761698,0.7017418622364067,-1.4491386564882973
24,0.7618538055702027,1.9004400929713998,0.39587164582576173,-0.7928014675715905,0.11532110666266947,-0.6781139647369434,-0.6759405775838566,0.0857786749856103,-0.6225695996067802
25,-1.3027434117412724,-0.1790333984714403,1.5910144699452615,-0.9528456070855994,-0.07630742910275806,0.47664176618514414,-0.36147666386349525,-0.5554970409229597,-0.1583993037681521
26,0.6326538884891775,-3.245606990028722,0.09880299981576793,-2.3497008069237904,-0.5328627716384238,-0.04455899004237892,0.8851914690019075,0.4533949494208711,0.5129014361221057
27,-1.3655534523333315,-0.6260735358073286,0.7719814124193324,-1.347994685205396,0.6733641655107759,-0.05319836800576446,-0.7107945948256554,0.1720101299317346,-0.0844860582056198
28,-0.37019350009870144,-1.168009153179374,-2.4993921410904556,-1.0734382518624892,-1.939243749500268,-0.21907140427421737,-1.2281905595505271,0.44447585112302246,0.0342220100416339
29,-0.9856789200519633,0.8011287443403757,1.1433089806933148,-0.061573574038649694,0.7927017154720085,-0.050082718699872915,-0.39615899525831133,-0.22619648135000023,0.47972984892172044
30,1.9223629077768105,1.3920971463308724,-1.029640710803904,-1.7889198925507834,0.5720677144221221,-0.23709662691313366,-0.4272280230376082,-0.1055162600606224,-0.12385413191554254
31,-0.42396423043049053,1.4689030717290061,0.9872932636415812,-1.3000685778366106,0.0606988941637847,-0.2505458622255405,-0.3479292542716803,0.7571145830241797,-1.6562352693418276
32,-2.595169696758541,0.12901690126921453,1.0361759920490503,-1.0282277401898055,0.22455995780419058,-0.033065840884436176,0.7264764705240919,0.742834826801507,-0.02602672705820047
33,-1.6722776895654168,1.653695978077975,1.0265387880914305,-0.9899941202346916,-0.5906935381733958,0.5913908336526987,1.4771034440557838,0.255597669286919,0.02833873547950163
34,-2.0191735414455323,0.43041179536530144,0.47298758517222894,0.7175026286819952,-0.390149307621023,0.9337861956814644,-0.9222932908343716,0.49578931160884104,-0.5374050842751763
35,-0.9584324570640296,1.5682331923557533,1.0814078129140994,-0.05613543215683783,0.4605381985858552,0.1295735778971676,0.32660547220888553,-0.0926268733605311,0.3993287878586905
36,-1.0812011902888836,0.0686935472533628,1.7474484336346234,-1.4117265052096137,-1.0652643415963217,1.2894037979735344,1.490764861679785,-0.8977155319040176,-0.9864136774116677
37,-1.66210913325733,1.8633878999347369,0.4925362830524319,-0.1670250470090344,-0.0009287687695813122,0.5266162002224261,0.08604933323946828,0.5890159672537638,0.5084968355758951
38,-0.7140051853608261,-0.2662046292379884,-0.12741830532846832,-1.5035995627411014,-0.7157708641111834,0.23928585656883236,1.7440270574814258,-0.8017390995119242,1.0919176051924093
39,-1.6056199858841378,0.034195516184745825,1.2762477940199757,-0.9871490334518249,0.03079323139843386,0.3019535335233396,-0.08072582601714881,-0.16695740218657354,0.08984366864164334
40,-2.0561675055981534,-0.7547171507055469,-0.09399879942670648,0.00222919378615779,0.18826083798072984,1.7009157131975126,0.07813064886458844,0.46375052981660514,-0.7134284946684794
41,0.7238104470653453,-1.5639912541544365,-0.9974801252146878,-0.8376821332880203,1.1237231005340576,2.055813431028927,0.36919457163499886,-0.011495751177112979,0.5329954495086079
42,0.34772678248610395,1.4781115972750787,0.2599230461863432,-1.5431386045171145,0.9133388187681267,0.4620794864350503,-0.48118503273092506,0.4949584574827269,-0.9838607571577922
43,-1.8605210097524376,0.8295817598653825,0.43473822826357095,-1.0128797566314218,0.00011602572350560168,-0.22456945991061744,0.1307550584124207,0.41448249496043243,1.1177039977425498
44,-2.0501086966165825,0.47090265285648847,0.6107872640723527,1.122840320324599,-0.8526163095078761,1.7660059780201378,-0.3277055903973971,0.4642862146153817,-1.5969148873056513
45,0.9761754725729566,-0.7989679993050945,0.8784069460327376,-0.8707512243823043,1.1798016501179796,1.125727189601884,0.08094554520453139,0.6206145719887566,0.7558321544968445
46,-1.3579752144806652,-0.4016887313485132,1.6703582267302894,-0.6241864508145609,1.2060498110281748,0.5908249592196966,-1.3253437628321887,-0.3021721982366907,-0.12773662436645725
47,1.1564421582122104,-0.5450715320926067,-2.252530617732027,-1.5700202943461208,-0.8325856499369112,-0.0884870016424018,-0.2809141801180811,-0.46389823874981523,0.6512035233617302
48,-2.591732106259251,-0.4571294526606065,-0.960668395363366,0.6055854293409085,0.18707525095209032,-0.0790728372258584,0.08309831907542148,1.1569372338180457,0.538307916534988
49,-1.04803017975654,0.5526051095075504,0.4351506955492271,-1.306541099043975,0.11774225404754898,-0.08562624605143263,-0.2819007510523128,0.18764828534271455,0.4161358594946249
50,-0.0526447240911056,0.6822949299512425,0.6248455031338621,-0.026383449134754672,-1.2332367348748507,1.3421002160119415,-0.5938737000100026,-0.16052483700285977,0.742634432661479
51,-0.5129779697785902,0.40315500642509755,-0.09875941385580168,-0.595837568303233,-0.19201814035800327,-0.6558376722840641,-0.2955168587236627,0.3042752222754591,-0.2761333676300638
52,-1.6182197504381453,0.6589986281404336,0.6865515690037997,-0.9854370155384414,-0.08556450267744795,-0.08481887378117382,-0.09384561186465645,0.1036507839713235,0.9191096198147134
53,1.9019851802053975,2.449738597785977,0.5603095131570371,-1.2902807701372756,-0.22320819311254572,0.6740533864591004,-0.7839948052362778,0.31249230872173217,-0.07838445418344596
54,-0.1457630214059509,0.31065976664042627,0.011597019577387591,-1.8870945560124648,-0.9959697337363963,-0.6562831779270699,-0.6029590514242488,-0.3034972948189892,0.478608184239107
55,-0.20904435840733665,1.1284127296203752,-1.54152352242607,0.2184405178963575,-0.46723274766218176,0.4644973869647872,-1.902680504669817,1.0910927076930772,-0.7518983124895929
56,-0.5857406846166381,0.6594275275332613,-0.2845446990360471,1.1045432436721012,0.1308387511250254,0.936609907156173,-1.2101147760252047,-0.2828175220506439,0.5092787144902322
57,-2.4062924735359283,0.005411835500995129,-0.6098750648340127,0.6348160306062403,-1.0498037093799257,0.9228272378184168,-0.3010308673884913,0.8139215156810607,-0.1933206949183037
58,-2.11180094289262,-0.9627761280776465,0.15871701302136468,-1.606504152860912,0.42290370986400955,-0.03255040644536018,0.3120745249535711,0.2784371030523659,0.9594149248999565
59,-1.6523798623840449,0.07416439272054492,1.333513794414354,-0.9553772383147852,-0.0911532631884166,0.20308999165990188,-0.104810827439802,-0.15956665271816392,0.07417698776356332
60,-1.725659259559981,0.004001482756978793,0.3121082016665958,-0.5220697177625379,0.5750797210033317,-0.8789043679857608,-0.12378365140085751,0.2561517712309872,1.2709677007896334
61,0.26753943247161693,0.13589243903661388,-1.106088647866373,-1.5471572150911554,-1.407142420342046,-0.32224675749090304,0.912582429848475,-0.4500750906018555,0.53028071665561
62,1.561360457342695,3.020724815375509,-0.4957519508428445,-1.1565776110095178,0.07115933739885552,-0.6184350709230778,-0.2184813674450561,0.4037566160729938,-0.44464229702458663
63,-0.7098411296933753,0.24076083574861845,-0.29009427951185,1.1620622666153646,-1.2389817098061304,1.4051149067985318,-0.2621241089481949,-0.5457992142252867,-0.40119551791498953
64,0.7853011020452795,0.6405012566364426,-0.6244182536291986,-1.2774580081183347,-1.2143680629814149,-0.5465712005118277,0.03407881135440294,-0.31598753101224564,-0.3803411638821688
65,0.2666052776878198,1.1996807498739654,-0.9733712253433542,-0.5092985748196707,-1.4880829346308737,0.35807489001835713,-1.054182689247086,0.33630199562704405,-0.8652944926286281
66,-1.1283400592056414,1.390410210107882,-0.9931625842094045,1.251586233668939,-0.43817211756774577,0.784577556454347,-0.13790487591938252,0.894541618131217,-0.43645793050330395
67,0.15327370565932788,-1.2996694556334802,-1.8324824659598726,-2.594211866404061,-2.1795669055891156,-0.5546964099471219,0.1481701311024779,0.17461825056828692,-0.7650851459765937
68,-0.14520275030460625,-0.020297021155760854,1.1262788589731583,-0.6893322146040529,-0.03986577944872755,-0.20497899447228118,-0.567712173221548,-0.8399251416434561,-0.17209990766486932
69,-0.8836741767632351,-0.9499945245097952,0.2611527816825194,-1.046279127816718,0.007035857947167752,-0.7731363842592787,-2.2012913865880126,0.15438654872059365,-0.16987865476225883
70,-0.9376954744165056,0.6088285100352905,-0.8640898955850858,-1.0095292712400943,0.2924879570586584,1.0925925911166041,0.5850267711333115,1.0154865227474714,-0.7866864208003618
71,-1.5508469640322278,0.05833434655875581,1.0860292648531062,-0.46598974283733435,0.17306704730549477,-0.3065262663505618,0.4195650977833861,-0.10661984071086283,0.19668822422957633
72,-1.2142502193128424,-0.4675296777251343,0.21525956883095848,-0.5318299717043049,-1.435128599603359,0.5952144029148742,-0.48021725625819883,-0.630909697522237,0.3529556202697445
73,1.5298640876114913,-0.4785902580933365,0.7660962545804496,-1.9466099401925663,-1.2291346713890432,-0.1983080496931668,-0.9367279973810878,0.6303575640800344,0.26872896520614065
74,-1.3635927452587628,0.781525891605647,1.0124943120061234,-0.3078589230513089,0.7596753185414956,-0.5776871513711376,-0.017717344880494496,0.5566417141728686,-0.33506013317832906
75,1.4649004022707348,-0.7259103894325344,-1.3231742488572615,-2.130898522499486,3.385718430501211,1.7178912585226573,0.17163425681685554,-0.06483809920132258,-0.3212278232896151
76,-0.3290591027604561,0.35556621222131635,0.55009516362364,-1.5366588511824482,-0.00852450680210856,-0.14441011591912312,-0.7427265633623524,-0.02440442533818424,-0.3167656405094598
77,-0.97361650959421,-0.18918213538823184,-0.787055687223707,0.13169370038714895,-1.6937223459089001,1.870645858768064,-0.031921222571735096,-0.478638730019433,-0.04809480695555386
78,-0.7888352846519826,0.21590335645938102,-0.08876069844785003,0.28426691903190493,0.273498522955282,-0.6858116926655003,-1.5652131845412953,0.6186859909972626,-0.5154621374560633
79,1.4758364619594597,-1.0843745699159852,3.107162181944113,1.5476153450384926,-1.662952175994834,1.727109797193566,2.043841224563737,3.1623578530655685,0.22228767743890976
80,1.9209965832594662,-0.2110935238849765,1.5351997593548479,0.5940394252266833,0.49675515458767555,1.81355170611964,0.8070541245246579,0.7084319748195799,0.4192627483672454
81,0.5775540889300166,-1.2225057552671437,-0.8442395857752226,-1.127618531419552,-0.5492821463140564,1.663186586745329,0.8443446446702088,-1.3243990353396211,-0.12106093670658018
82,-1.3520975109688358,-1.1474015824519372,-0.419821481456876,-1.1389609724705347,-0.8255840624215297,-0.2875419312854943,-0.7318443746888887,0.4908960301189398,-0.6361640886775681
83,-1.0687293164679004,0.5041892700396516,1.4602135167039005,-0.8264865824366139,0.6322473367200933,0.30434442302800596,-0.7746741051047225,0.10037376449236214,-0.6744809802979774
84,0.04258757139507233,0.835593734269124,0.8988462119395825,-1.0883868261014171,-0.008336571049685229,1.2326639275984332,-0.37067443781839676,-1.183163900321409,0.7506874728282524
85,-0.870982028867493,1.131340393054702,0.034573699550465464,-0.7399380263105287,0.43626917410672955,-0.056058406102527776,-0.9166299141631926,0.8787373936541373,-0.3151038831896146
86,-0.9047876777192656,0.007410855287385013,0.42365466479633607,-1.1212405080602927,-0.23278005627484077,0.06586276036910828,-0.5260221602529965,0.36925986284664714,-0.9796675828593514
87,1.2809412141518006,0.6915128452921194,0.9901005536336557,-1.3607037462437548,-0.5128321342955778,0.6773986739931214,-0.36320652066757964,0.8115280897267899,0.5396175419902268
88,0.11976941714490663,-0.07402976570496259,-0.5477008267057536,0.424430752149923,-0.5155218529081449,0.7757642336501197,-1.18913244985798,-0.6708131485706776,0.022061422227599697
89,-1.0971416153351323,0.8285858637446329,-1.2556317710394787,0.4262641963017124,-0.1603478564359271,0.8052407245399081,-1.2602844038044612,1.2656610154579109,-0.6993169802127008
90,-0.3584413772460429,-0.3138821105573081,0.5779367345974449,0.22525349682503415,0.10905296980769898,1.7160323700717228,0.6948186472834289,0.16903906056664872,-0.16891828952669774
91,0.8169136959927064,-1.3992290480506795,-0.4370467840266291,-1.8162532477105426,1.75673623097537,-0.8231760256709555,-1.7992843444731037,0.14034970826956364,-0.8434539764774467
92,-0.08895076597857854,0.10463452590643699,0.34191393243959867,-0.5478127713905172,-0.341959065059672,-0.4112741465575378,-0.6885680317085476,-0.23968027195548147,-0.6236735290037774
93,0.1822705408834589,2.1511598952247453,-2.1530504562003,-0.05165754953163433,-1.3318939743133102,1.3772043998539234,-0.19331474365213067,0.540085168867747,0.2784043059459271
94,-0.07606400048204663,-0.7606652695808314,-0.747536750002457,-0.21263480001642096,-1.2762691160099746,0.18698504160649818,-0.5775683327026293,-0.36735883040764333,-0.7613054109369135
95,-1.362324203903742,0.4738245831379645,-0.3021405318652733,1.6084162869321312,-0.43783615000801995,0.8153545113217308,-1.0095152096145388,0.2107269422866935,-0.15097467601194017
96,-0.9693835582483576,0.6383037090032876,0.04437598073878907,-0.6474544430398359,-0.15357866638465525,0.5040927835964314,-0.6572734530227052,-0.2491398962949443,1.2143621533680962
97,-1.9050553864927955,-2.4252896946023697,-0.44996593877779084,0.26953721934796543,-0.9911498053429848,0.7722388098353108,-1.2854484820229242,0.8272312770320333,0.4002038837118289
98,-1.0366223767341254,-0.4134874026679058,-0.06015358952613825,-0.5917232802689238,-0.37220069538474865,0.11044829432395864,0.4502457302411401,-0.47993758132171116,0.83692215448833
99,-0.1157097019659204,0.874629828331203,0.5301159626927018,-0.405233998496911,-0.28140957736684397,-0.4016246389618488,-0.7828429420151017,-1.0265419410824996,1.6392170417799263
100,-0.6038794534478497,0.8296817639221346,-1.2520822963340996,1.2005695212021072,-0.006467775698591706,0.7593030038696325,-1.1945852979510125,0.4654524536634756,0.1726689629933222
101,-0.24381149215736356,1.2074272671461885,0.12822580176314866,0.8479838762351445,-0.25463817233649483,0.23201932155075358,-1.5472441862478268,-0.6395280628934272,1.0938472524497238
102,2.853346586822831,1.3431204315284668,-0.892207901091726,-1.4197684549907688,0.20256723950368985,1.057994320495469,-0.47937228115802955,-0.9061772294844271,-0.9368629885260957
103,-1.4390711421542393,1.2231709855630453,0.11307716369661486,-0.07527843995851331,-0.44300919234674857,-0.07911246369275547,0.8996978928094596,0.2402868296485078,0.7120798154594031
104,-1.3900883925466458,1.0301877051583512,1.0760268343292765,-0.585264495882326,0.6355820654792891,0.2848453066487862,-0.6397840826351529,0.10939634537908485,0.6054615848655028
105,0.6873367260271486,-0.3422864407222089,-1.348845645088955,-0.30464063787289597,1.0890559503457937,2.98744863122581,-1.417859000126225,-1.1438210821749184,1.2315652670465107
106,-1.644751786636018,2.0121764444599686,-1.0153327362340239,1.0669644150198554,-0.9429506884761624,1.0769676143587155,-0.5755607815183073,0.8653988859474578,0.6896400364380031
107,-0.7835597260233885,-0.1436980027001585,0.2847888685980157,-0.8148861219116633,0.5939316727257175,1.3502452536857719,-0.4675784924926624,-0.4789939020476121,0.5130782010673854
108,-1.8158455787087802,-1.1618621282401473,0.7577212974899821,0.17792759669603717,1.0086249235752676,0.7041366915040141,-2.130185667200423,0.09355161658129604,-0.1640934478424213
109,-1.470281438680548,1.1422950077902736,0.6396822992128572,-0.11645905622461053,0.9640627722739156,-0.3295838909587602,0.05304234529584295,0.3954669406282176,0.8769186047773931
110,-1.5005566377422206,0.5180631987281801,0.10336443636155007,0.001224626770433913,0.31969716945741417,-0.5860155918288642,-0.33090727908069867,0.4918204614612906,0.633446779633894
111,1.040734324567557,-1.04521571978455,-3.437287653205859,-1.9276390379092803,-2.30902093498895,0.31463748375048545,-0.6658695472206573,-0.05732479401217575,0.10764480714384693
112,-0.3689559059281564,2.212310261710094,-0.09319799997270874,0.315330953392191,0.15421980621591563,0.2328492861068219,-0.2740271562193243,-0.1674186180004922,1.5081805917070634
113,-1.2799126581127147,2.345356399408644,0.270211783671439,-0.3067245102659313,0.2337999230780411,1.2704654992013764,0.8169384726813927,0.5302159724066304,0.40713198993934707
114,-1.523738747379063,-1.9335051214328158,0.379724846876524,0.8665224227649658,-0.16780145557678253,0.1397803212920963,-1.3502698140990006,0.6471445621828014,0.21261264442484848
115,-0.6568312717073672,-2.6364422302210024,1.053361764463382,-0.9039276343941853,0.7624484357394157,0.039499562775255494,-0.15230832392212199,0.7997663824191799,1.3378093420264041
116,-1.6625792393697336,0.7271967742871752,-1.018979244195431,-0.9887871020066692,-0.27754421314037553,1.834858372861147,2.1979193288504653,0.6053578598500114,0.3792471428227992
117,-0.9676612761906914,0.8819992798856942,1.6838372311233307,-0.6494110162320366,0.6999352380286157,1.2876152222700963,-0.05624549532956583,-0.3606461921836808,-0.45579976266419336
118,-0.2935074596079513,2.004028126211521,0.24599804923402976,-0.4004386076127825,0.6480135837215825,-0.12420501328180591,0.09336538102710532,0.17688013695306995,0.6916390651077929
119,-0.3523795854593847,0.3112683177358818,0.38802436494080633,-0.8338551295780664,0.8467550142852376,0.5334358898726034,0.40124606382941175,-0.45056685620587383,0.44542049907811504
120,-1.5418871764323177,0.915473444980432,-0.5912270645989449,0.14324181450126716,-0.8347124572332721,1.2586765767822605,0.16498386609877055,0.37623873158591514,0.3368830400388798
121,-1.369859896310034,1.241950560918726,1.2304306916348748,-0.10587224698293708,0.7268368573634059,0.2717824594751545,0.7327764310412784,0.18072043471251242,-0.08239700194066588
122,2.2660930131378216,-0.678790712167025,0.16159887883399593,-0.531810114817114,2.421748341268342,0.12114103798899621,-1.124866536300754,1.0065127747202576,0.4214148049753303
123,-0.76920506240203,0.43095979820588803,-0.2575651063594717,-1.3855869780527919,-0.8229638643259516,0.5952369952006835,0.6049446345826474,-0.07480275125791092,0.26431519920699587
124,-1.7544440376449906,-0.8676698874014802,-1.521045585320115,-0.08765506529465139,-1.3369919039157359,0.2594787557418863,-0.935697625544049,0.6332816456083227,0.29444430041520286
125,-0.10636363581496777,2.581764424918816,0.38569008020304135,-0.9659819760730506,0.3746289759015927,0.9315334599807329,0.2517085924005352,0.07991482903545476,0.436429621249072
126,-1.4043001834812354,-0.5219969523617204,0.6962948840412196,-0.7632918043168256,0.571744992244136,-0.8594052516065409,-0.2586736738704271,0.24712919034426448,-0.008974864373846802
127,1.0813799904430486,0.5132061015719028,-1.058896219976375,-2.0242302682558884,0.33743863036462524,0.03652255355598535,0.6408260487357422,-0.18459879588220132,0.12476281362084284
128,-0.16973769051792048,1.635964219809919,1.4303242808831027,0.0733979747190169,-0.07764787948021448,0.13306468018226936,-0.4967016610310454,-0.9025389261961057,0.5178477354062532
129,0.48147618640284723,2.8120478649116163,0.8434512141701225,-0.7479938690593217,-0.5079764538247902,0.6034962901431611,-0.5877033775380861,-0.6301170476476138,0.5575971206443535
130,-1.9688042945013775,0.24330975093432458,0.20889887720550693,1.1328355669026609,-0.6796507908980816,1.269452567183306,-1.1758901788506406,0.44590893728925524,-0.7865450640334696
131,1.971630487501842,-1.7827774707042638,2.7702548620986076,1.2244105535457577,-0.9949929812912469,-0.28486605183908703,2.492089874696858,1.6219984014547448,1.1551922502691885
132,1.4551552473458684,1.8168162939489798,-2.18009186338004,-1.8412572388809318,-0.5202765667095461,-0.20220047657493936,0.9488640340220852,0.4312842292167533,0.1738111099821793
133,-0.13046340752559132,-1.3649603568166357,2.441931533959202,-0.8863828985552943,-0.501360794402551,0.12089230237537481,-1.3138344141237197,0.5925736683177518,-0.16761648820065236
134,-0.2707571548695076,-0.14624633009827312,0.9265020098031916,-0.8088799375443683,-0.4288008144323703,0.6692918838387398,-1.209299649899813,-0.7947272219441981,-0.4287872540471775
135,0.9432307689134576,0.3851868465959346,-0.4997745289988928,-1.1021703020861089,0.004518270258169999,-0.42544989018456836,0.9120359373163953,-0.7448234805404126,0.3713742872770706
136,-0.4220656359277922,-1.8346213698358607,-0.4993999178369753,-2.1344947767702203,1.5996089154963598,-0.16376577169573195,0.47794032259175884,0.5385012667893649,-1.0916486064434083
137,-0.5749784231178636,0.4704387142613908,2.1348588628938914,-0.41881062650956985,0.07038709480201237,0.6111829209073245,-1.5302065990194986,-1.0414410718932543,-0.17060069412004347
138,-0.7234054663382149,0.021988790567313333,1.510632261200222,-0.9211592168500498,-0.26349985749393495,0.5031717195353167,-0.8558629564117732,-0.9916509539589673,0.23969597794536612
139,2.1696284272679547,1.5738828406735175,0.8234449297401606,-0.18939935857964887,-0.0646925964374567,-0.7419485110089037,-1.3197529557401781,-1.229923559010423,-0.697746215210758
140,0.26767891391782006,-1.1335946483215322,2.727150059951992,-0.16070530064324612,-0.37707960558792125,0.6354338878730079,-0.3197155508251054,-0.11894043787168922,-0.04068509290677162
141,1.6105305269291414,0.5980676031557419,1.4374660774955315,-0.5919539533282568,-1.0444499457743834,-0.14955051288099092,0.05211274541165514,1.4429192194608713,0.8048155364323394
142,-1.9223119983556693,0.2501013372363701,0.8412617825152541,-1.0600849402283354,0.2812605185867147,0.19119119619261174,0.2802601808211201,0.29189941482868026,0.4034019164114779
143,-1.1350227016528278,-2.4784702931152256,0.4944437006729092,-1.0138859807469995,-1.4061748293382246,0.8340698983797825,-0.7401189655472397,-1.296129084724425,-0.18420697570272238
144,0.4839809916227951,-1.942776780490663,-0.4637457069408679,-0.29801026848437967,-1.6187819143740725,0.9979437757937383,0.3156918170061051,0.48904532408811474,0.5730415616080655
145,-1.921927584686271,-0.5223569235698835,1.1436016214533407,-0.9882581212895774,0.3266907820986901,-0.1163168910665824,-0.6029746246299216,0.017695450281475972,0.35317242675442956
146,0.18980688922432887,0.2815878334206223,-1.772067516762648,0.12139359786156569,-1.6698724985887554,0.6470635745235409,-0.10541570240051873,-0.11294158673236906,-0.26422905243288586
147,2.9271714005214764,-0.6917830902098504,3.636811923996255,1.3573929879494409,-1.589180123870639,1.26295648471609,0.38368864865294966,2.18846889635286,0.7453772814839068
148,3.3723315218214838,0.18149795582115844,2.0648495014069894,0.40381706813763163,0.5705272067118705,1.3493983936421643,-0.8530984513861294,-0.26545698189312866,0.9423523524122424
149,-1.0878882668857468,0.7721672922433999,1.19769708915438,-1.2006389043911823,-0.48532314462351217,0.21914947879216934,0.32557833042516293,-0.004925972167761913,-0.5901797898576742
150,0.5851974181128261,-2.15952532136392,2.376082664467003,-0.05838938787954025,-2.0417733295810967,1.654988285501185,-0.365473910964171,1.3421523256060726,0.45741891304463206
151,-1.572675547712897,-0.0030964539556151455,1.0987624580461617,-1.0575533089991498,0.29610635267237323,0.4647429707178539,0.023594344397426872,-0.10403097337611547,0.17082562487976244
152,-0.02718569617309569,0.12462374763830414,1.3611537191576484,-0.5746175060233767,-0.09912527423824923,0.2896311040155866,-0.30476562039920024,-1.1833016368681886,-0.14506553100995592
153,-0.08605782202452879,-1.5681360608373351,1.5031800348644249,-1.0080340279886606,0.0996161563254059,0.947272007169996,0.0031150624031063435,-1.8107486300271325,-0.39128409703963396
154,2.7522296598603666,1.7450185763007162,0.8339434736961708,-1.6322738099277643,-1.6587313792547518,0.05842074575168973,-0.35534928212027084,1.743802920038706,0.24494252423415244
155,5.188631492493938,-2.5098079232731507,1.5115477988783756,-0.20415883801461146,-2.6187797771006704,-0.7733271563565228,-0.7784680458774459,0.6219261633499996,0.33394467585660187
156,2.0796970502242424,0.7960313061281472,0.09684560242111158,-1.4525124587324776,-0.10073713361103206,-0.3051111868099776,-0.006445040241317437,1.443181791618488,-0.14257581240838135
157,-0.746648066459036,-1.5694458219203022,0.6895907595422893,-0.5998724750915971,-0.024143242676605454,0.5723512938958868,-0.6563396865579059,2.0787030741426316,-0.8248851243691783
158,2.7408276732670545,-0.042528680046781994,1.9875297364463989,1.8565305509524495,-0.8399988737170112,0.5028876239435413,1.2594442010569538,-0.48437030301933137,0.7328743106248947
159,-1.9778983504699146,-1.1180781938790172,0.9571780750082627,0.47887111956399026,0.3804085664254999,-0.8145141934685504,0.30149562208754144,0.058396545465655786,-0.3782652904332705
160,-0.4605219036277611,0.6255192962786721,-0.2545859638564347,0.7155509006907679,-1.748080546977354,1.7375846366986474,-1.1365208254345063,-0.7943854065583541,0.0076676299003125975
161,1.1351128058433533,-2.95715552956543,0.4547664466853783,-1.3353084159933164,0.23013249178786296,-0.2461404151622243,1.0755129402783359,1.3718003536781846,0.7257124970551643
162,4.20131431943417,-0.9508792226904953,1.067247418187687,0.9099323966714778,0.2970557920384839,-0.9537496551738524,-1.2426588817543172,3.696544102844382,1.3668073259470286
163,-1.4991030724073107,-0.7655867860345242,-0.14096187302683105,0.008159535894485285,0.20036904867782268,-0.2289595528688639,-0.5171817782032344,0.4508094032257921,-0.2929937650845171
164,2.8568111042051707,1.3561251602448767,1.0816224571515514,-0.9733231394203562,-1.2238080475033084,0.25720829846474863,-0.34404890595789633,0.05378767395436414,0.016993759418647093
165,1.5089468342989083,-2.154987753584253,2.384590783013398,-0.3081919357556952,-0.6585922947914672,0.26980852747218376,0.39748138651846465,0.22813567455804581,-0.05374043561681315
166,3.123620326965724,0.5822768223137853,1.270176022590268,-0.11653334671247668,-0.2968635309860031,-1.2411014108900265,-1.5628553457772056,1.3847421041139385,0.1255065773848304
167,0.9874016707235039,0.8667120911992323,-0.6425187099612464,-0.8423791320203629,-0.4207823387014954,-0.807261619314498,-1.3279790817227208,-0.24352056971492386,0.15036253804468153
168,-2.0818924076429233,-0.03439015544595315,-0.4792572245884342,0.33097563731340224,-0.11929544212305608,-0.6149245879031183,-0.34224642486308593,0.6374200880122981,1.0392459464086412
169,-0.24665203526281448,-0.1903560865711413,0.9397281872116652,0.544532780754955,0.24767033255136536,-0.6197996826060383,-3.036031907710989,-1.1454463671366595,1.2581949337720006
170,-1.7863138961274225,0.7071094032996028,0.11823067003010407,0.3289501638463379,-0.6095786435333453,0.3348368940559963,0.9720367946336611,0.3934365851230979,-0.0841012294582856
171,3.0188554382688766,-0.49031982154578263,0.06122294602174906,-0.07164620077345876,-2.4597741746557285,0.8509846721308063,-1.0216115470343603,0.6097629135038078,0.09890413732842358
172,-2.177012248086795,0.19587965287164885,-0.19758817330102366,0.28234791032505546,-0.14889433404576186,-0.054445281735209634,0.5861733325820798,0.7261145436172922,0.2941913984964987
173,0.8110985531343671,1.0734500295048066,0.46804807506104656,-0.40919094092339015,-0.39327374496698564,-0.9106199399931862,0.09318228617275072,-0.750269101664242,-0.13292247005681904
174,1.444986935854805,-0.37727568581817783,1.4106713718774455,0.8324350088864949,-1.5835162498236819,0.7716741966037374,-1.3923170107008933,0.3501439154063807,1.6890336995208406
175,-0.005149553862590791,1.4173402617752426,0.026640750972950687,-0.05486719394175832,-0.6377614562561165,0.2764874663315477,-0.20935519214959822,-0.8799262786021582,1.3906579571967224
176,1.1893561114458353,0.9505375981658957,-0.2992548471004766,-0.3424048273012385,-0.3937879431180938,-0.7155115268910471,-0.12386907075409728,-0.40532026362332796,-0.6864418322073644
177,0.6743565402725513,0.8702490839986566,-0.4232828808475339,-1.6996516316122452,-0.9034464476041179,-0.9171752185460301,0.343825866939941,-0.18839922894538258,-0.08155258964191636
178,1.2694448397863818,0.10081849068348195,-0.2316663445305822,-0.37275407904684504,0.03890193625467155,-0.7613666350922892,-0.8786987043679103,-0.6239885488284839,-0.6400226847482137
179,0.5092907365037584,-0.21544538171603161,-0.8319383272732521,-0.6785181138638495,0.4106258364105613,0.34207787119286626,-0.7049592125302072,0.1386319970222522,-1.0335442114038838
180,-1.123736632827053,-0.2872371855422979,-0.21226051609922614,1.627210482579515,0.6491018856223274,0.05801796200398201,-1.018437196135511,0.009787166192737761,0.23311377406763784
181,0.42367373387546636,-0.21685516807422084,-0.6371318714409921,-0.785717626084533,-0.6729327104989201,0.7639068040117666,0.3187023610396783,-0.5390850558981549,-0.6971607849010064
182,-1.104160310599541,0.2248965310003957,0.3035991114980793,-0.028015537137420107,0.4564894981299231,-0.21360027544018445,-0.5634881140817387,0.08849932378808525,0.4165371689802585
183,-1.1344355096612133,-0.3993352780616979,-0.23271875135322814,0.0896681458576243,-0.1878761046865784,-0.4700319763102884,-0.9474377384582803,0.18485284462115814,0.1730653438367593
184,-0.8792941958943669,1.5916360937604246,0.4403330716297299,-0.08431514946999051,0.6939861439010265,-1.1760568618464167,1.1054982409154663,0.9973529899724033,-0.7279598908876759
185,1.7637983341362324,-1.356224468116993,-3.222847488531366,0.22335629032720913,4.967490830722815,4.1947392879771765,0.021915325147541628,0.06572160002152504,-0.47305900042294274
186,-1.2463944367090811,-2.9408597262451286,-2.450429084902831,-0.7859152227313516,-0.8990830944313142,0.8222831745301488,0.7821793752850541,-0.0027823054362296697,0.22005812909377054
187,0.6025472008041136,0.225950354084432,-0.8218008201320588,-0.3220773584133057,0.8391615663392966,-0.31307799550449317,-0.12899738223679671,-0.2157658022478014,0.3201580030921484
188,-0.6498629416079003,-0.5071385830527704,-0.28931316897554077,-0.33863544986859284,-1.0681278948710626,-0.049010415761646886,-0.11183130407605103,-0.40886670692785804,0.006475010019548169
189,-1.4030845097065767,0.1001292531985293,0.2268179946044794,-0.7229473059931573,0.3120206314811652,-1.310103554242131,-0.35202862870985724,0.4474201982232939,0.7549758114391841
190,0.2556589099250575,-0.8292065305264383,-1.0745285739632533,-0.32921101358187443,0.009131645282098083,-0.06511633672518118,0.34491448907274663,-0.3088761408912139,-0.29565410944412707
191,0.4966790330132264,-1.9179620944821067,-1.3788073280599629,-0.744374105035923,0.13249466592441275,-1.5603790769572452,-1.300438564055954,0.20245188531925712,-0.9342594744872509
192,-1.0382599757545137,-0.19791968706487967,-0.7540610872182621,0.5275467286417274,0.16377682009324093,1.1046087757579506,-0.16166534073170266,-0.0447787732590001,0.40386768315240645
193,-0.8025365276544107,0.44570967306155573,0.6653517067518727,1.3675165538377416,0.06923931145077442,-0.11508156623224457,-0.5635321854741591,-0.40625402507119623,-0.04233610572701138
194,2.1767752001823557,0.631557358605998,-0.8592270165321116,-1.3965598003978354,1.318485242752467,-0.06334985202877116,0.18252269230104706,-0.34534988261644706,-0.7836088039883596
195,0.019442118512867403,-0.1409395797324967,0.5036246456725232,-1.3339866079428155,0.41714783371993425,-0.6055390087516511,-0.2168553240475425,0.16754491180853898,-1.3592330993649289
196,-1.3886719446348128,0.8027059826732427,0.4092095548326631,0.8232435761743301,-0.023619942241229888,0.11503351951933186,-0.6387067701431929,0.1624625848997203,0.2323414136626483
197,-1.4301850658378357,0.007889236652043777,0.5408400637386089,-0.08563900331749313,0.8459671057604344,-0.5894271918354343,1.1284963624130724,0.07957057838576395,0.4654966922937475
198,-0.9193251856348731,0.33290474805182196,0.3172300647650089,0.10992980413957458,1.5198603672052762,-1.2173909015633986,-0.3815713389811287,0.41362314495425984,0.5455237802301875
199,1.328665264882351,-0.4413292862105269,-1.9768080167217053,-1.4908664532940485,0.15711360874914923,0.1549763113036892,-0.5446064989506085,0.06938948653375439,-0.579180234499167
200,1.3043130591387109,-1.382124148446381,-2.577719005419286,0.0805441674038219,2.6787636043751535,1.584370585905172,0.08392911063404548,1.9069849403810493,1.5043277049742145
201,-0.5693092758434866,0.9386855969742864,0.5546813162263234,0.12052355536535223,-1.0960033513839742,0.7991363883753104,0.8650092782285864,-0.236392761267682,-1.229277271021034
202,0.5956049450364359,1.1483847636757893,-2.314818361521421,-0.37904471318240746,-0.6976494241005025,-0.8934656768257238,-1.1729953186799125,0.9988245259105504,-0.08784703183680811
203,0.17209507950889014,0.6718945912428187,-0.0063172373115086364,-0.7012336051939043,-0.06439010901157276,0.26269985935669093,0.15462144287191515,-0.14306441130806044,-0.6257411856764074
204,0.318616201139351,0.7994992768153851,-1.521232115000341,1.0994083131330064,-1.0289249715984203,0.17558322482036345,-0.1430830846465175,0.045630962835199504,-0.4527172990683642
205,0.18833888085822895,-0.6890987227802772,-0.3189619593041105,0.4793017210181978,2.529541755536117,1.6925060303545654,-0.004164009924914315,-0.24856450960279747,-0.8181840158400951
206,-0.05017528871756555,1.3391411903979094,0.4330265509097576,-0.13468029061814038,0.9126771350516365,0.08994193439661956,-0.9757755706712924,-0.6544289893435808,1.6208120218747515
207,2.735250055418412,-0.6335850555166556,0.15192217613090153,-1.1109175082160423,1.8991572750219414,1.364294883763498,0.76756482736387,0.5570233581182842,-0.39358143963782427
208,0.9704998627240686,-1.9166932106677443,0.8679301021699819,-0.9013005942372825,-1.6164313617264996,0.39618754471444434,0.5494407671742455,0.837941805793934,1.0545806033681155
209,-1.5332208467597945,-2.2406217977172553,-1.8888967029078094,-0.39329777584074116,-1.6636005231305067,1.078571534195815,1.3881631426709078,-0.3343590880861283,0.3787211750629537
210,-0.16228382597285193,-0.013002230938785013,0.3147646401173517,-1.354568663762551,0.4814082300206494,-0.7103519483487338,-0.048404821339734644,0.40066869505037067,-1.2102873159190515
211,-0.5650902631342969,0.03349646213036039,1.0332435453984152,0.4243209853371706,-0.054159611705876534,0.38008488118413947,0.8677117634635,-0.8469432486589568,-0.5094760767930439
212,0.5545091359672635,-0.6844814141133148,-0.3677288124308634,1.457497857857677,0.7621045263129034,-0.5332396696504401,0.5624966659594752,-0.8955071293500495,-0.27416134787497587
213,1.8271012379632523,0.9499908101550053,-1.9777722402537967,-0.16765010545394365,1.6253228268938025,-0.10094753501480531,-1.1493123025385743,0.41182635698288494,-0.270365797636585
214,-0.8866251966449884,0.11799342423899317,-0.16328513743389297,-0.46039245057819556,-0.9614985737223738,-0.3982265059090631,0.0841201022793264,-0.5756967854949715,1.3709450906173644
215,2.496230837170445,0.21144789949942244,-0.1606569454594583,-0.44714737086429696,1.14716573427515,-0.17105395372191293,0.6376137675461845,-0.22714501506639567,-0.17751327680651374
216,-1.0771347369388393,-1.1122917138102437,0.35597375138538145,0.7938314624303036,1.689353277265143,0.27951375591309774,-0.39721936606580627,0.29442926982500606,-1.2167478776245855
217,0.015739626996485526,1.0127281914715713,-1.835998790925627,1.0651048867667807,-0.9218243110972284,0.0008949921585589017,0.1376677531998289,0.4341706015715856,-0.20447432665856877
218,3.382669057481063,-1.009971668731075,-1.9582990200319992,0.15872902329564276,-0.18301902622347663,2.110854923782363,-0.24045549847311085,0.10111189533838204,0.11688599556092173
219,1.9749146644330342,-1.6705001097194783,-0.8849659235390768,-0.43853418201931127,0.7645787504277635,-0.8029784838369938,-0.31505791577955794,-0.23168770631516247,0.2307245975602195
220,0.5219092833572673,-0.6758023516766274,-0.9537004448543666,-0.4437984286966493,-0.5802138128074331,-0.7085367311077846,0.00030684063784454585,-0.1768387679751606,-0.9004612954717357
221,-0.7122716820047179,-0.026190214462292808,0.499761153370776,0.44550597123253666,0.06111980861778272,-0.3201450111132129,0.16389267629541096,-0.6248059932748419,0.43417284904693515
222,0.5702126190655668,-0.022728903665161164,0.45378973419440355,-0.1264912871759509,0.08818112667695094,-1.2834822518328424,-1.4099921304225347,-1.2341187705298793,1.1432097529087635
223,1.0107701528360296,-0.4592131121704778,1.429503719131691,0.11702173191131614,0.27232800391045636,0.2575963374336565,-0.47453988270009645,-1.198523309205665,0.9182576460599343
224,-2.298669625330346,-1.4191455915209825,-0.36978047456376517,-0.5944424764919432,-1.1732506488235177,-0.00559767010322072,1.5949745615307322,0.18871920299681202,-0.00972422358978751
225,2.360919390064658,-1.318042165602801,-0.03157765552550659,-0.3112875650963031,-0.4606084398132335,-1.1924112264578894,0.7125448923134686,1.7972642358402786,-0.2850928443821806
226,-1.7935026864406471,0.7680127806311328,1.092097184277561,-0.08207022495689482,0.92220804557705,-0.28028915351056577,0.24259279857512145,0.4504719643962487,0.21491366977599946
227,0.783834833963111,-0.4866245019932038,1.1473492845153666,1.3129633342094287,1.4421190810494007,0.5546324686669754,-0.0948426857315504,-0.6129230405164455,0.21051613682500392
228,-0.07965535480264409,1.1216311645252148,-1.1655242830220982,0.5699588518697329,0.9181157634875833,-0.5213169112782107,-0.37515573730559654,0.7095482651497489,0.2748197177777536
229,-0.16588890476235968,0.6087039629906099,-0.04337205008448053,0.7794596605983235,0.23853413374164711,-0.6229128155572407,-0.6749964627018157,0.25016079256047774,-0.7973921021096736
230,0.9869557327862313,-0.7331350326225101,-0.8854547036267455,0.09080658567380427,0.8137852340523377,-0.7565190703122789,0.18481761402394592,0.24289378961854136,-2.0841309845134175
231,-0.7987487657157342,-1.1541050092499106,-1.0244145430510516,0.008834406676456082,0.022616208870983583,-0.6513182239730035,0.09893616336351539,-0.045414184831591285,0.5542789170745857
232,-0.5840783830587739,-1.319334328183983,-1.013039873469694,-0.040987813051133276,0.22366893384420783,-0.38371584718140644,0.03480583107028314,-0.21561153926296503,0.4863150898668275
233,-0.8713385779424828,0.580461040302705,-0.3245504277614231,1.6208724596950181,-1.0834665216212984,1.2872391200278175,1.2788869074360445,-0.24135134165002728,-0.9401083212752811
234,1.458267195728495,1.5016857844295124,-1.4282561099988582,0.5648725625736888,-0.6342011265787805,0.8139725871081652,0.20265114897824282,-0.6399571034385969,-0.04012598580089786
235,-0.2884985277777132,-0.07103353090138403,-1.9334094787690865,0.3477105175194109,-0.7567822472261815,-0.6234275968713929,-1.6915159127045207,0.8566992442770032,-0.35030184985333773
236,-0.16083298885116656,-0.7503551107044065,1.0176675251618457,-1.1253540126109485,0.21897265160075768,1.2837683432279057,1.02273520441534,-1.3885195594537834,-0.22609073754058748
237,-0.27231430948468605,0.44813959030317474,-0.5408535708076968,0.5508751817003987,0.2582788467190327,0.4780733952793715,-1.1320285999735826,0.42860231934906123,-0.9077822168938237
238,0.20447346417864584,0.7352663691832892,-0.5901259782014998,-0.6976415273700173,0.047111341716747995,-1.141794122250331,0.9094292101558429,0.9543062014932839,-1.7686965453008543
239,-0.2827224952718384,0.6464900183117497,0.8473022760183284,-0.7995399431227769,0.8798431221598608,1.6873888363918175,1.6166973755195786,-0.7126396452940218,-0.25693299130103425
240,-2.0560882701400103,-3.099798788902676,-0.18438332743197508,-0.05671672854809575,-0.452330327545104,-0.8336394770417597,0.42513588011979586,-0.32891416249552424,0.059328076196368984
241,3.303932840300366,0.8538709978316854,-0.2583948367549255,1.1422285411776272,-0.10790801326253895,0.7477946411616538,-0.4834940523712848,-0.3311666294852913,-2.0884019624451997
242,2.004522142936944,0.7611780711827439,-1.6951707166452035,-1.9589027193620854,-0.38010474931617105,-0.16529277668510786,1.7310227860699587,-0.8506937374708151,0.6773733759109991
243,-0.061454157689873584,-0.404968133276105,-0.3466245280508256,-0.5152807005700164,-0.5764124656490353,-1.0578898547387254,0.3737661995611738,-0.28496844804003807,-0.2058294903143529
244,0.4922723720374025,1.4508286009051337,0.4324736492691237,0.803966902596523,-0.3527701470708168,1.072136833461074,-1.245533721924767,-1.2311974277688869,0.6214422241223422
245,-0.8520610828019588,0.8874550884145617,0.9926114392876028,-0.38559383677559866,0.5131294274845855,-0.7450841212918754,-0.43518314737840263,0.35649104340374077,-0.44365703147875357
246,-1.2562575539302827,0.6989112321386106,1.0181816467968023,-0.3327700329151036,0.8602016810281078,-0.443885962975339,-0.04978251102711054,0.4715430369571817,-0.36904204678220803
247,1.0207334704533242,0.024733647749791768,0.43523389514678146,1.349452665052042,-0.2741930483983918,0.5617349246998204,0.02943771571136113,-1.9640899192219077,0.04247332165199497
248,-1.4514395437069767,0.4068208483257215,-0.39179801143347964,-0.28290419618702434,0.6455405731680359,0.14523013382966748,0.5340016034439324,0.37689981057189487,1.0772419992797093
249,-1.6892591399014445,-0.4909362809764896,-0.011658971774751035,1.6341565727542504,0.6929276873264156,-0.03243788667726725,-0.6042860725791553,0.3756239009498778,-0.2302967830059194
250,6.492151641220302,-1.2939010685825634,-0.15235245975854056,3.943853231101405,0.6121678542743845,0.061485369765493396,0.6574297528651685,2.397763394264127,0.11232512955175943
251,1.5192491793196126,-0.7662688486339517,0.8111783170100367,-0.010802424857015174,0.907881399172076,-0.5128293487267335,0.17609222142001998,-0.4489381547354778,-0.34495868710194827
252,-0.5310492764581993,0.27481062399812306,0.35496863613969365,-1.2480635390341268,0.057882647973962614,-1.2106190553995673,0.023705675677460476,0.6633554761658408,-1.1240082559854943
253,2.7386851471528666,0.7095597561612312,0.3086751843327758,-0.13854003669066411,-0.09799203020449458,-0.9499264596785996,-0.11764520466391525,-0.6781854853681989,0.037766622961365244
254,0.2501168022689457,0.12803422871835357,-0.06938018417140798,0.6782391887264922,0.05075306558032982,0.689995822265272,-1.1768104195735392,0.8923849619865164,-0.736410649009283
255,3.4929903858459697,-1.5213384421684701,0.34545347369203355,-0.6073068014756313,-0.439088302513128,-1.7330940075868608,-0.8938231095065342,0.6969374448064397,0.7178415495851408
256,-0.5708051248434473,-0.8625538864465209,-0.15693982734114573,-0.6073002775158611,-0.9857820952293049,-0.1692618855118707,-0.02212065626854344,-0.10705757682547196,-1.0748731772160958
257,0.06851716518147019,0.6875956687972515,0.42899028470025236,-0.7369848998991885,-0.038054988533097474,-1.1971519492230263,0.9018798968056138,0.2985256524632607,-1.413771561078145
258,1.4260508354597463,0.4197261953606505,1.4905977206050613,0.07132577122321071,-0.6457925802088371,-0.1893770881608135,0.2639287904284535,0.07112643383404829,0.7597944686665903
259,-1.2985114167784753,-0.40680570970109703,-0.1251370310949589,0.3396891814812341,0.7294311410931703,-0.7503142311704248,0.02671488594356,0.011312926740051568,1.0267265358076356
260,-0.993913516960999,-1.4315972090960525,-0.7184922737878479,2.4437189666490777,0.7414392756769326,0.3474935179811088,1.360535786048379,-0.15142187394654838,-0.9690094733823115
261,-0.26247584809308244,0.376317535824485,-0.4578980522724929,1.0008434623897107,1.4721735248182792,-1.3358225859231323,-0.4687932577612959,0.12856077563211252,0.9319541884934236
262,-0.7266432390833856,-1.2967309391693993,0.7625530895500489,0.8848741193460425,-1.3598979069276995,0.9696623091989383,0.895491242626313,-1.2156669953953774,-1.53904063341157
263,-0.883033779350912,-2.3155736258175645,-2.2232562900000064,0.40296083013256767,1.2753312617455708,-0.8958652153712315,0.3744803968587612,0.7846140026182833,-0.040292857223236785
264,-0.6551049634832184,-0.7713107575437104,0.5721968060683034,1.3734254968810649,0.051670007423905207,-0.24112367871312015,0.4798566654964541,-0.8072490645293369,-0.4877399318145359
265,-1.0284758154700715,0.040966774263602596,0.6012103908992684,1.7981420221938187,0.6393113959154232,-0.39811952520064153,0.322907031723479,-0.16136320747233374,-0.4433659131032737
266,-0.8135544350557637,-1.2870672754984227,0.12060839022081492,-0.016787595306225034,-0.10539038557933857,-0.6368007578809772,-0.02091348512525243,-0.8566105893561687,0.8099067123333763
267,0.012439173405744484,-0.6182881642270701,0.7952066036671921,1.4892375332104293,-0.4436758064416878,-0.30750786949274017,-0.2311501326049382,-1.461745261870357,-0.269923795303055
268,0.7096382200924687,-0.11346953594678942,-3.1843817555440097,1.0675295842252888,0.6852715456594086,-0.8806029933000104,-0.763977340006063,0.696741368015948,0.5749284757017638
269,0.923962018750593,1.8419642638783735,0.2113404514495711,-0.29655328682089466,0.3581212850563424,-1.1527925762150464,-0.20771481992993804,0.06101755924563422,-0.5497069576227263
270,0.6046776087742441,-0.02197553049893357,-0.4344771303377119,0.5046672223453545,0.8720806899933927,-0.478459813654734,0.21446751061181585,-0.7981627353112414,0.6137695193826161
271,1.5298729334802645,1.728507347239354,-0.19734674618705628,0.3051716918478113,1.1645741029284071,-0.7742878806328556,0.09070962817531515,-0.6207288943962946,0.4999095789376154
272,1.6254675667502279,-0.2692838962694563,-0.16078936478025885,1.07011562326161,-0.01986726765045073,-0.03448940027070786,-1.0308870133521917,-1.8910789457082335,0.3342027037260083
273,2.9862596908661754,-0.5308228400779385,-0.24757893339846823,0.35556585658413387,1.7404112342489317,-0.40030082093113917,0.46520309587855624,-0.005159941955759545,1.4087493265627915
274,1.2569235199374467,1.6990846529239094,-1.990507315485392,1.019956631684914,-0.2628801555836773,0.12966809643589713,1.0077779120477772,-0.19847065269490985,0.3306282230749105
275,-0.3046372527351856,0.3700759176308077,0.05788075322438401,1.344474807495161,-0.23863878276538245,-0.1107621195642741,1.0130706796843727,-0.728684480307899,0.09386394212382784
276,-0.9533075689523883,0.4013989251705648,-1.4060999128368732,0.8515710596206534,-1.45136540835137,0.6722040416010722,2.029821412003769,0.3808560925445428,-0.7818938852724453
277,-1.0128220216295964,-0.28362205444568644,-0.9736169879836611,1.5662150281612481,-0.3707104631375468,0.570142368327939,-0.04337647678466556,-0.0898572654449235,0.16492362186584697
278,0.8493565528195167,1.0042199020149611,-0.12736126804545245,-0.6272644528386092,0.4240857509550708,-0.457189274942004,0.462292964985747,-0.48378188748559064,0.15967199313949737
279,0.5880559225743069,-3.8137074746502653,-0.9803939146792392,-0.7955859689048255,6.460578582102138,2.7900438946722472,0.9672426899023875,-0.9192022747851666,0.36593218963391355
280,1.4380265463876059,-1.5094816351114198,-1.9525530246832046,-0.2505767944870738,1.0517296810572496,-0.5368886242595412,-0.2952099779314293,-0.5307038137013956,-0.0016744644415371322
281,0.7517646944092646,-1.0320188302899116,-1.4488893486971888,0.5231046143954085,0.7767099824939699,-0.20274164739656308,-0.018699891617301904,-0.45738272843426203,-0.1173157959035333
282,1.5462109160112978,-1.214645061455778,0.05610383166694594,0.10905012640406304,-0.7989167617094043,0.4424357310914767,1.8028864221542242,-0.5873184369723432,1.6770441805551448
283,-0.2663243857695362,-1.223626569373288,-0.9869898812969022,1.8518184247554534,-0.022539891193990216,-0.27677759801069346,-0.7266758327613674,-0.37514202263958074,-0.3807322614872749
284,2.759257443787301,0.6070016966986116,-1.0880439704770295,-1.4985697051533708,2.4622714632424048,1.8446304705166188,1.0615661473108131,-0.9505945122554537,-0.4735760529338145
285,2.1096672285920763,0.08236420982807295,-1.4774325212335533,-0.37196729872835166,1.2712428778508467,1.2187621866168892,0.3682059180883399,0.4305901326967235,-0.1581698482190834
286,-1.64765998841507,-0.30235675083484054,0.15379754240734753,1.7627295079898408,1.0423096071168714,-0.9910781824523679,0.08140907095705238,0.4118292837321018,0.0682058174193079
287,0.17721710612968286,1.3372643299837657,0.5567345130051284,1.4039623136205044,0.4051842474042505,-0.3527743806099411,0.34662330424436827,-0.8613071754379084,0.545063590336146
288,0.5738493148429072,1.4820643253146477,-0.2849502907735777,1.4441816055673937,-0.28839153668332196,-0.13716300588378588,0.5385750891134786,-0.8327792876649605,0.4920626848615956
289,0.8772794642894167,1.8161158482891033,0.0038339852755147888,0.027851523918284316,1.105726783670527,-0.03714891782654199,-0.06105581845371843,-0.6244296006856609,1.0266693343898488
290,-0.4035123704799797,0.07261446237469567,0.294251610729224,0.20599590259163253,-0.058572654217295,-0.6874183020385063,0.015882867978333666,-0.36322038800366774,-0.01650376494347504
291,-1.0397308859185883,0.2623137565158127,-1.5116093631328928,1.375481302706178,0.13086641310635064,-0.9014712022355441,0.9114450328420032,0.7444984673710058,0.37595645055245763
292,-0.9180191327035213,-0.04003222077288259,-0.13636023091561023,0.7947636879499369,0.0006654804287664785,-0.06030333040973825,0.21513162754814177,-0.29353747832645116,0.4489425225765173
293,-0.03434952407162657,-0.3102398297541964,-1.6383262765673436,1.1600549553969821,0.1742780218591977,-1.3025637724112653,-0.5539733699177611,0.27724932138794406,0.31231233081371734
294,-0.7902358024210281,1.0885736900559326,-0.6637590470197936,2.0549054592512355,0.5324412667108203,0.18981079837855444,0.9555300000094347,0.23368839276067566,0.18434099612083216
295,0.2788322916376961,-0.22987608046433558,-0.1974627496209756,-0.4415017901037583,1.2718748232751216,-1.4125503166463453,0.948259197524736,0.3326695898993944,-1.0253953297557437
296,-1.780151062869507,-0.49092707086396725,-0.46846174214517255,0.5654196756900749,0.1844304038121362,-1.1749170225990841,0.1595398130290711,0.836760174627431,-0.018888193324907602
297,-2.4463098250882496,-1.6773487706166985,-1.014137638973246,0.27656095628895205,0.3666598275381351,-1.200124169239922,0.4275792991944847,0.7245188625429065,1.0714319372398193
298,-0.8879390316766185,0.8552821988346601,0.6029669297064505,1.2770459428753258,1.0234620933603054,-0.2081072035834109,1.383565892186231,-0.003780848302712511,-0.2197936113347302
299,0.14355441624540424,0.9204274361881665,0.24503827746215762,-0.5250029772527547,0.10207206889860736,-0.8442357492135661,0.8041890842741432,-0.09577290432322189,-0.3507386065683001
300,1.4745555661848937,-1.6153321336184827,-1.1357671205602944,0.951319355683757,-1.5698825358926416,-1.0970073661881898,0.2850942766420362,-1.7457196067597998,-0.3614420267454929
301,1.0367548135680125,0.7798221195585536,-1.1792659275618254,1.4154191653583912,-0.40591081471104035,0.09651915597220398,0.05593240936069849,-0.9526025068183009,0.550796202206235
302,-1.0779164935085712,0.1493359285352,-0.33795342966383735,1.3657451982920175,-0.05811342863739682,-0.9363855070752365,0.779552883641909,-0.06300256241936689,0.6237509053722086
303,-0.8687477074789635,-1.477033705573919,-2.2562981307248977,0.45827751729064775,-1.9775626467319947,-0.23568624468251578,2.726856478433693,-0.12566508812896768,-0.1450951071814967
304,-0.2350596842095872,-0.5121033281564787,-0.3729884298441526,0.7928904228760959,1.0866179785555028,-0.7970593241109594,-0.09564114739064757,-0.7048981336829926,1.3957387186935708
305,-1.686179434048692,-1.6419217035576663,1.1406117432977052,-0.1745493439061464,0.8609609716533956,-1.6621725059603656,-0.3718319332497333,0.15858498931966963,-0.5490494580843167
306,-1.3006000215175346,0.25045754055946357,-0.2163755704727039,0.8626363322680759,-0.2794934749308314,-0.4966445421294947,0.36747729355725933,0.03946648106788652,0.6005368578701136
307,-1.867428581523278,0.4196954139499764,0.4378162695323903,0.18474853863244875,1.2835272135497664,-1.7441879619644045,0.1849254505843445,1.1124638391057375,0.23370755845022662
308,0.7759245204813945,1.4585466944339445,1.3445479764821344,2.227655927190229,0.5411572063098993,-1.2295656127774786,2.7524741620999214,0.7991463786650759,0.8878061551409185
309,1.099771871451783,0.8904416772173817,1.1092163324776159,0.9582346742574873,-0.24757845547943322,-0.9529668691295251,2.069261712366838,-0.4164104134888229,-0.09188831940010386
310,0.10489050325313415,-0.1386864528529828,-0.1155851062478414,2.418819693207765,-0.2284434787720003,0.05177694422436107,-0.9269406796016261,-0.594803494105098,-1.0856910534216306
311,0.02131416772710336,0.24885868790158883,0.17259878646582894,0.4331849504719876,0.8758820371517909,-0.8278129372856746,0.5879268695351453,-0.906292415376119,1.3084013245399986
312,0.8891373179099928,0.8504750114041806,-0.6251351950821706,-1.0257996630935413,0.15759915642509698,-1.9764722000375479,-0.31593011939060156,0.4016302794245907,-0.42605533039885907
313,0.8988160131575184,1.060296889738456,0.1003442099203631,0.04156407414377585,0.014313192214014524,-1.3563103026725734,0.6977933803878613,-0.6270051113780734,0.05490404176923307
314,-0.6389189773035598,-0.5756034995497302,-0.24388472665326658,-0.3618655597633166,3.41101657080507,0.2944134417033575,0.29359697148781283,0.5094874074564966,0.22564958780295225
315,-1.095262775780592,-1.3386174956951586,0.02867248477135992,0.6579947163773969,0.9221268756525451,0.26871517322624294,-0.14150721195724134,-0.33134788214266,-0.004679352489487368
316,-0.6802608466091755,-1.042495737039873,-0.04437514369353809,0.1512045547175041,-0.7056828333942179,-0.2911613304640378,0.5259222414218567,-0.46741685084969464,-0.6088158561626307
317,-0.2429229478818609,0.6571912696960613,-0.36192999361567996,-0.9616434502971254,-0.49384085566398944,-1.2692810983088902,1.5306205584637742,0.12790994277664364,0.1196885522658277
318,-0.6132286885872015,-0.3127455162898873,-1.4470692954404627,0.2785501182759033,-1.0631606057876188,-0.8347971189220891,0.4039890977986758,0.39974083026197205,-0.2232901858894287
319,-0.22823028693405395,-0.15030206648596986,-0.2459546269959349,1.0948304387212289,-0.022880579707017012,-0.8119364176154097,0.2987044058965795,-0.3638493250501572,-0.13529916779671533
320,0.946677368105846,1.4153248085561696,-1.300730420689914,-1.0717453378857178,0.2241611642294908,-2.2149492945469045,-0.2929224031041294,0.6611523413798733,0.4267106420913311
321,2.0827669298875398,1.218426306692153,-1.0030706056197531,-0.6978977420744877,-0.1486264596962312,-0.7656136366095003,-0.5014746632210322,-0.3763277860199679,-0.5274106575260594
322,0.3319131022543812,0.7007742896828875,0.505176440733493,-0.06450650116071406,0.9178527518311282,-0.509098736004859,-0.10084948898042849,0.08571412260212095,-1.2149573027600253
323,0.7357117689198702,1.4961042278067096,0.06686228553283372,0.31063202733511547,0.3712320064946372,-0.3015576009927546,-0.2771743974951497,-0.2615345445477403,-0.32467030207348924
324,-0.6266846299516974,0.2085825303547217,-0.2552664015642543,0.06951640554104256,0.43578762214468675,-0.600453555642359,0.42503887766190895,0.08085493007476686,0.3283878445825195
325,2.1499807453873543,1.8767073188330279,-0.11016736929397161,-0.19692231156086618,-0.4665227551256458,-1.179919673794335,0.6017310795579321,-0.9936170210793658,-0.24533936774236523
326,-0.6790700895397449,0.8707398695758007,0.49583035738727915,-0.05067899822216147,0.3447441435760527,-0.26393387789178074,1.256616702904779,-0.38212495688953396,0.6917270644193577
327,0.681333038270241,0.18902474198269117,1.064996361870423,1.4216378587876137,0.687933202075347,-0.15406596308465667,-0.8012575023543298,-1.6239309548740049,0.2439425764215831
328,0.002233105521326573,-0.7627444257268097,0.46816456051541316,1.8977097861578496,-0.711757157618508,-0.006779144523259497,-0.42859685305193773,-1.4339177084426655,-0.46941518057938925
329,0.8162691556807818,0.3344192281836041,0.7509012687172028,0.9908026318322111,-0.2071644221947958,-0.0065961770612572804,0.2910147684515929,-1.8217201182182254,0.30992853413608734
330,1.2246512385934318,1.306595095288818,-1.0549661606372196,-0.841094315611259,1.139933346886904,-0.11697924267009298,0.5616180215275424,-0.342616875353838,1.0489561159771683
331,-0.1493253066699772,-0.7023276192076837,0.08162020719466824,0.8134901170692254,-0.7200165799169818,-0.165325277583763,-0.537985596807888,-0.30919711256659815,-1.7110957815377037
332,-1.0699895926076721,0.34759611226576465,-1.180713263132586,2.430496829223864,0.6822039608211068,0.171132640621551,0.2599194823723153,0.438778049188007,0.2638450498353641
333,-0.32452201586712903,0.015797777796792926,-0.9946406949299288,0.6855833232052639,-0.3634341697311203,-0.4301952919597679,-0.19809954054108994,0.32777846392245624,-0.5865868153205982
334,1.3847193127922253,-1.3735394430382377,-0.01566127742541555,0.959528464703781,-0.5777488121414439,-0.5022263830592762,-0.7053630631526382,-0.556137512027748,-0.46846643089930556
335,0.698457460813884,-0.8960766382167298,0.4880023985606,1.7332098735862633,-0.8527685107047231,-0.16807940619629774,-0.42885297683851065,-0.4828164267606143,-0.5841077623613017
336,0.11156828338733786,0.17353881865152837,-0.633228097599299,-0.2569626085503051,1.49768240910778,-1.199384702766329,1.0751690552703423,0.2492027441020207,0.23623200268193753
337,0.16891529483227738,-2.1027456465633367,0.9716075085472461,-0.338132377507965,0.2638826855343094,0.64941780096924,0.8482594373636532,-0.3501098193424904,-0.9653854284673058
338,-0.20485034868410043,-0.17028650475386942,-0.274587627193124,1.078944541152709,0.038092667586408224,-0.7625046466836909,0.31074690660790605,-0.367544699784362,-0.1274658273576753
339,-0.04264361775624896,1.0218201526227728,-1.5736181766378117,1.8890421895057279,0.39081447362439603,0.05258356708776084,0.53431866719624,0.7625149083254869,-0.8695035745020826
340,-0.9135536956900581,0.3855807168354339,-0.12447979243723223,0.9046434475972943,1.6907403085801758,-0.7524414621736772,0.9660552929434747,0.6497137695389094,-0.203362300693197
341,1.2631291128094888,1.9656437000587106,0.2664685917586498,0.5344349430803347,0.2895285087202153,-1.4313950271445581,-0.13403554935252646,-0.6467015758647046,0.3405942183090963
342,-0.14189734912454716,0.9838462765537369,-0.1563317704560362,-0.07356918985098997,-0.3456418751511987,-0.8460470475680435,0.7270228636896452,0.1799599312831204,-0.4326175701549171
343,3.132786847381517,0.39343308508397223,-1.3676120610771076,-1.5224467492694254,-0.6507297057838444,-0.7893728543689587,1.8139214116763824,-0.3758196390755839,0.30631850746522615
344,3.1579340062902044,-0.2421039953354915,0.4830523496921748,2.4659737888993067,0.10358615831507342,0.5383053327219899,0.36208940762860964,1.7995943120114988,0.3270043302773497
345,1.2851022387924325,1.2422442185176363,-0.2573411347031804,0.3860257922382164,-0.8956592385971269,0.338119814853023,0.6972121691136819,0.1840069689335354,-0.17967363234782047
346,1.0461163399869025,-0.7047382954973859,0.1629778917409527,0.9216724180615242,-0.09136000042143816,-0.49600842330268524,-0.1025830555988413,-0.04919296428314286,-0.6158471436781404
347,2.488367338659186,0.07112057614344082,0.9387751283738435,0.7246676246285197,0.12222076368987964,-0.9708028484591184,0.9241098328327494,-0.05720490123747699,0.31891548422877175
348,1.7192680483252596,1.386778618314563,-0.9108913925495488,0.7738305844644113,-1.1647261272775582,0.659429095439031,0.19791466024886523,0.0014136430986413145,0.1835427284133209
349,0.14104771118359244,0.7492312072130506,1.2433823954893723,1.0990886747488817,0.5967493675061958,-1.0598747347020534,-0.36324978218232723,-1.1559479439443947,0.6786588050773518
350,-0.3603618644243207,0.17977875373407426,0.4438083179071891,-0.2728806259031126,0.4748218182334646,-0.8253575898134727,0.3176497588399088,-0.3281215126209011,0.26396957657097825
351,-0.6288461974441657,-2.0340284695986384,-0.5197476355478754,-1.5398482857981646,-1.0977155460912336,-1.6427275694482761,1.0242048701058146,-0.8896396919752693,1.0840718127060842
352,-0.5085881335074978,-1.1182790980053607,-0.3777586738463534,0.5929343574893953,-0.258542781020031,-0.6524822756793451,1.0864256687790246,-0.42555616304500804,-0.46280459837949756
353,-1.6335873957926716,0.6291883969481759,0.4475714179771003,1.375581294492752,0.917254194114113,-1.161582381756527,0.9895777581599224,0.5212667130280844,0.1794628011935723
354,-0.1396079702483135,-0.5230249017521816,-0.2624336211381645,0.771647233095156,0.2638050939152548,-0.818830221102838,0.48069272340733626,0.004581608596891675,-1.1434987392332803
355,-0.8568023538382966,-0.8622699895831286,-2.010435063353468,0.7271521035372419,-1.7348829065682585,0.02013339801270575,0.6584343426226249,-0.4745758724859961,1.2712969297159051
356,-1.2484342046468881,-1.411157513197092,-0.27998232122377703,0.17717110376557596,-0.5284446282735221,-0.9625400074461989,0.1359964433829118,-0.03855409093719915,-0.22004133592108713
357,1.2537909420194278,-0.5159484598584386,-1.0697615121989719,0.13865452026840105,-0.7289459367854512,-1.2700430554985103,-0.11813136395976392,-0.7043756002958071,-0.5026519875732426
358,-1.1130281952916958,-0.6016566404074121,0.5047178312626522,0.29960883273189093,0.7920322277575425,-1.971551911757261,0.5734576710228347,0.13468053005385416,0.05576846335614213
359,-0.110071648728136,-1.9375697687445965,1.5379504530141495,2.1926142502501595,-0.4879002312489881,0.6246700622470868,-1.4353424643792128,0.8779188406873217,-1.7118792072026472
360,-0.28813408322422485,-0.17925544864135706,0.7272075158501818,1.2172049563915461,0.7711717629721048,-1.402480843669801,-0.8247841507267842,-0.40853462470443597,-0.18990622587596265
361,0.25824119371618887,-2.1481892947319046,1.0364006020627279,-0.17889186214535588,0.47468834760375267,-0.9154807219635783,0.10883763279724847,-1.5546667603255961,-0.5635372196692283
362,0.318579345497598,-0.23671114685095354,-0.4687225002533184,0.7896122527842153,0.11945292972455467,-0.8621755608173876,0.09860676599759652,-0.2761564489445615,-0.6461062685558437
363,-0.1996471821506729,-0.3476799084429506,-0.4792846505098148,0.2076011165385211,-0.2698538368214654,0.8550359394560916,1.1711630690436372,-0.9242107772175155,0.3606855931497062
364,2.0127224242379365,0.39970711045628643,-1.744304068203056,0.5146919680492857,-1.34984438856732,1.4898677644250455,0.08598122929965958,-1.4245173867650778,-0.35978855743529253
365,-0.9161258877805549,1.6661658254559406,-1.317112978622367,2.5831516983649236,-0.30023068169609707,-0.2073176339461489,0.6045158211663718,0.48028382773842054,0.7096335844623286
366,-0.3637704607313944,-0.5226960064161059,0.45329063541965925,0.6481782144721698,0.4867921491398253,-0.7812739039457409,0.6897639156102214,-0.43285665612811886,-0.6082946098085339
367,0.6674045272816781,1.0038525805812013,-0.8339269938583702,1.3594889403774433,0.12394931599053052,-0.5336443602750013,0.08638423592670151,0.389391037127571,-1.549210920827991
368,-1.3520447006070748,-1.213830111940248,-1.5487384043337848,1.8933037671648891,0.060746249454673336,-1.3904468844462563,-0.7717204606607337,0.6124577304406748,0.3242490583718222
369,1.4755389538332804,0.6831807217521385,-1.7323782710437714,0.7694451832610267,-0.029538495051087795,1.9054726135016224,0.3753923924804208,-0.6125551472559465,-0.7841221994930259
370,0.17274262073266725,-0.6998539531470845,-2.5253284212969436,0.386424501278558,-0.15735489868497685,-1.6789847228451291,-0.0035545342044600568,0.5812342951249957,0.2875990697667967
371,1.6011241790757833,-0.0535942727287412,1.353894121774979,0.09943369666756863,-0.04397727951930055,-0.535792012580371,0.10530382368473344,-1.7560958774902247,-1.3126631082663471
372,-0.6622868487299614,0.5591660019129839,-0.06666739353403245,0.7890120905144443,-0.27381193817125143,0.32302944764782265,0.7935305937301841,-0.4004824030472235,0.23526235894569011
373,2.340727213765637,-1.79374530882643,2.769790754501231,0.9587900686989548,-0.23078610968087188,-0.9641461838941131,-0.10946057560581224,-0.9133794185057048,-1.5178279066467757
374,2.5465781121554656,-0.4129301527007824,1.4483937267881286,1.4438244515153968,0.18076218517518516,0.8617698006924189,-0.4718280506381572,-0.24165130339225377,-1.2958439144302312
375,0.06700069113102175,0.652038612466086,0.16209213387616503,0.874096273674844,0.727995531211902,-1.363382505472463,-0.06547415217016672,0.119864195645533,-0.5746866693312446
376,0.8407067870937011,0.1514753437438071,0.8782916469622594,0.21365400757518743,0.5123893613916236,-0.2852304567194504,0.8068351429705409,-1.333091631972723,-0.3838157821821449
377,1.6815925748346006,-0.32779863131775167,2.673341042838472,1.535303946145335,0.49209072542717347,-0.39692888126542814,0.7768769051006582,-0.2585705769068763,-0.964714443849015
378,-0.3043203012173895,-0.1037837243595982,-1.0610450551310773,2.164553874694818,-0.58041583440899,-0.04079572699450569,-0.17385718209360054,-0.6136987230313654,0.5548995893252998
379,1.7367512195974242,-3.0277259445232527,2.2418109154813908,-0.004136682365253396,-1.2732071791707333,-0.4760055172623789,0.616346966682624,-0.5177711525245117,0.5752623204549739
380,-0.22748224125746852,-4.533478821831103,1.4544363883242128,-0.60832324626848,-0.6646029543374469,-1.0721737356653522,0.7386633827208274,-1.527624107211963,0.07022124456190074
381,1.2930818284035883,0.07370032734282715,-2.4996673512887733,-0.5349390652400632,-1.659683334860665,-0.3589276950112934,0.5160314844382107,-0.45681042542775174,0.29004314696922173
382,0.28998501941577476,-0.0356521487872617,0.776889314945859,-0.2742205321989156,0.44304941852330787,-1.186194611533178,1.4073104417296933,-0.004234398903022091,-2.1545081893890803
