variable,0,1,2,3,4,5,6,7,8,9
age,0.23144901574985846,0.014418925491719524,0.00504140074561071,0.09728631508803959,0.004964558401754083,0.0016774831387805546,4.9939422549169405e-05,0.0063130895838488755,0.001012072118419577,0.0012180802506889844
Medu,0.28951197674602874,0.3285819314257665,0.0002043479786305271,0.0015788824306994125,0.018270774575817977,0.0003840718064168943,0.0011932380839745494,0.008520308012849682,0.0016956516420711877,0.06291251875609043
Fedu,0.2644900009273854,0.21194574969835522,0.0031326414256723045,0.010883057581696838,3.115837433501289e-06,0.011580311519906454,0.0015456841402781243,5.216184535505377e-05,0.006445334287577748,0.1617048569532282
Dalc,0.11186307469059116,0.22825893585405152,0.00482508888752305,0.04228476708352009,7.431280612910553e-05,0.022227470427537435,0.05877018757256124,0.0730415642397485,0.1173423909277168,0.00045748970904359
Walc,0.13728553792159706,0.24556366651374872,0.0014542731248979315,0.022014694213705114,2.5807400270474425e-06,0.032061119649121964,0.06828719469587026,0.08269754865607455,0.11501556709445047,0.015423968150545373
goout,0.042932691498414936,0.13845865899721846,0.0012803847503398298,0.006815666926106364,0.0017916368976029146,0.06466241521315387,0.005198002838889359,0.0027413736914223847,0.035010264335901056,0.04285266480570591
freetime,0.019050654989550112,0.1047561351235995,0.000321254392488104,0.015811060368389977,0.014862185453521012,0.04751149378505602,0.0003993105480075318,0.007752489504639056,0.004267336197454878,0.01601487605020429
studytime,0.13034052268697846,0.06426642442330145,0.020344622425629334,0.05891905449703012,0.01627908786636332,0.002431892061109645,0.021516549224610326,0.004216640519412709,1.9235050655247766e-05,0.030055420887903302
failures,0.3312776230144826,0.001515622565725725,0.04326915997315778,0.07049815189482023,0.0006746180420474688,0.010271176953538005,0.0036401791450628575,0.004232832054842554,0.024321883418836353,0.018070313065488012
absences,0.017517171411561273,0.05499634480218886,0.03103829710128869,0.0004535121515417992,0.04071204522811143,0.006860831757430824,0.0009309205017128015,0.004501833125411508,0.06078792319151873,0.002440219713304007
traveltime,0.11756098888799596,0.009777016475010414,4.5713372324172674e-05,3.787604515072013e-10,0.037477606131006216,0.011090333436308518,0.00012780543302598967,0.168154522661376,0.005441355917092502,0.06732211100071074
famrel,0.0040131971452272595,1.7900238373526526e-05,0.005287402122860741,0.0006002396976273715,0.011519660055259846,0.036564737654212316,0.0020836804188316374,0.016477668317925125,0.04943099253752531,0.011758757527524907
health,0.006167884348467613,0.018225721973721402,0.0013813359460569956,0.04435424866722001,0.003503334215206744,1.8055948338582056e-06,0.0007528384314895469,0.0001831454617587674,0.059237583816029976,0.00017047605913135254
G3,0.267890755596017,0.0016469875411327644,0.07632209813475588,0.06548132848165189,0.003167139651196201,0.0017739374205860007,0.017967232642198707,0.0112165625748385,0.0068051975693545,0.0013142933607861581
Fjob,0.10813274404072906,0.0906748678031368,0.02666647904146287,0.06830003613122555,0.03971332413200233,0.1234172151406616,0.033897617437290264,0.02024129921148905,0.03477542681323036,0.29688311471439116
Mjob,0.1924321982098684,0.3321633691208158,0.019639357525387226,0.04305068996464798,0.035172439588052766,0.021651484448176377,0.02301091305556891,0.12642554812625878,0.09191869920889272,0.15599351545062914
Pstatus,0.005173206774587663,0.001826461030438111,0.00895598712292615,0.004272287883105974,0.043754482454784284,0.0004362385433023259,0.0013947032188413688,0.07014462603005209,0.07871136976673504,0.05430294781704942
activities.m,0.05764652463284851,0.043400780286125734,0.0334171967180984,0.0032466591317141815,0.18862588526537738,0.11538079690328422,0.4474639782549962,0.007471456578271006,7.260008582049968e-05,0.007087307940130364
activities.p,0.053915681038016375,0.04018221185842662,0.03405399855878503,0.0038526761501278045,0.19256747038015795,0.11435338234452834,0.4466120714620547,0.006906502137815943,3.436138974551061e-05,0.007302309860328917
address,0.05931569818121432,0.011151141147049766,0.0005566452134069157,0.009419709248522543,0.007764140623184476,0.011848663677442592,0.018329646390729933,0.3172878739668746,0.0017968301519563864,0.05918827563672224
famsize,0.0010371792613952716,0.01314670275641515,0.021069700956453805,0.00319179055964608,0.007387387083010776,0.0005424444988178221,0.0008293657017473783,0.002275794373482261,0.0822173394573335,0.002422376930384213
famsup.m,0.14451989780554755,0.001871271492607335,0.4721439962884582,0.005826739579989283,0.001383713206799762,0.006178737410094486,0.018953597834002422,0.10053353472481834,0.08192304412895532,0.028980379699896096
famsup.p,0.15003081319192768,0.0023499665998268737,0.46761255888923764,0.005661879121297157,0.0014326672767448207,0.0067669429439476125,0.01890495597327064,0.10104220848851145,0.08411853825713468,0.029776573315482203
guardian.m,0.058247160913031046,0.0005161229789349153,0.2313140394701996,0.24520574373486692,0.6183948935140391,0.3770057137977599,0.07567451024125718,0.14122712909828314,0.0008519606295795273,0.08828847243895878
guardian.p,0.05852057321999845,0.0004764724302833421,0.23118084370059883,0.24310459610996402,0.6169027321685865,0.3761998405847346,0.07670005423360793,0.14140317289797882,0.0009704434979241886,0.08844670740985401
higher.m,0.3093489345373617,0.025682598095549996,0.01957113432220625,0.05402520425950949,0.0566063789738691,0.042478120187087146,0.04326163529734532,0.029572401944418056,0.11711571594037819,0.010017277371368474
higher.p,0.31344503166144844,0.02549043067851018,0.019923782444626358,0.055597481557239675,0.05610379421900375,0.04208170633921796,0.043414636093056014,0.029914535896318924,0.12081742107939643,0.010537813205346877
internet,0.030450959558636064,0.12607401157876413,0.008169451180576671,0.0010163294679989545,0.0009294139625669843,0.0005436755115383877,0.00010884772942577312,0.04861960862870498,0.002590033324233083,0.07572209512901569
nursery,0.053446932229937405,0.005576607064759206,5.1151221063759785e-05,1.9316244160657732e-05,0.052944771137778304,0.01030697652010185,0.012588042011136709,0.0009055244872332207,0.000342337297831658,0.0002860807555987405
paid.m,0.09271685156721655,0.008634372139525219,0.05958648331093707,0.043724111692856615,0.0032211244660266068,0.004738685648464598,0.038677468272786106,0.08013825349400676,0.02124240285208087,0.044365591687931895
paid.p,0.0012940161446175437,0.023328487696273815,0.011113217665432999,0.009953375800066375,0.002997916723032527,0.04365086783800752,0.005636083717085021,0.03342845133207007,0.007429827535904663,0.00012903662628941393
reason,0.06536124892330697,0.029634646773782757,0.021240819920070552,0.009382461349370869,0.023203306267859013,0.023812890568289728,0.029719909442630414,0.07554764991711675,0.11306730808914729,0.07085471945077908
romantic.m,0.021634032235249435,0.0680077904727303,0.15861873661429365,0.07619087239661704,0.00021213374720753278,0.22086771665824115,0.23106683789099872,0.0007835744039535751,0.07551858314864748,7.534918625131689e-05
romantic.p,0.022955339800845995,0.0670435122901715,0.1553467641265278,0.07879576764590991,0.00016780415444505459,0.218321406150504,0.238114129144253,0.0004458715941316807,0.07108240677210205,0.0002184284492765802
school,0.10497616848711211,0.0015490742990514703,0.013567076435516046,0.04911551951069222,0.015156782166573948,0.03030216038319648,0.003392070829997275,0.13699755509156794,0.0047388844797354645,0.07281515038586443
schoolsup.m,0.030079530574798573,0.13304237047968406,0.05658593898700482,0.402690427215764,0.02407325477726131,0.03646033119995071,0.04502499449958544,0.003485335695546019,0.11610535482716945,0.042621166767273955
schoolsup.p,0.03058022664415661,0.1294462937652915,0.061728950254722706,0.4120677823007675,0.024726261845807528,0.03354902502364965,0.04318559294815433,0.0026517215701670287,0.11038165913046506,0.04531066653406507
sex,0.03345728826788076,0.20527617541941814,0.09763983259308742,0.04663473246139248,0.006444289679361602,0.019651839032168758,0.0036582107022921197,0.009061580395729182,0.020269960858736634,0.0005808537887076733
